timeStamp,elapsed,label,responseCode,responseMessage,threadName,dataType,success,failureMessage,bytes,sentBytes,grpThreads,allThreads,Latency,IdleTime,Connect
1510281951521,55,jp@gc - Dummy Sampler,200,OK,线程组 1-3,text,true,,114,0,3,3,26,0,4
1510281951422,214,jp@gc - Dummy Sampler,200,OK,线程组 1-2,text,true,,114,0,4,4,8,0,1
1510281951323,461,jp@gc - Dummy Sampler,200,OK,线程组 1-1,text,true,,114,0,5,5,1,0,2
1510281951623,255,jp@gc - Dummy Sampler,200,OK,线程组 1-4,text,true,,114,0,6,6,40,0,4
1510281951822,69,jp@gc - Dummy Sampler,200,OK,线程组 1-6,text,true,,114,0,6,6,15,0,3
1510281951637,261,jp@gc - Dummy Sampler,200,OK,线程组 1-2,text,true,,114,0,6,6,22,0,2
1510281951923,111,jp@gc - Dummy Sampler,200,OK,线程组 1-7,text,true,,114,0,8,8,18,0,4
1510281951579,473,jp@gc - Dummy Sampler,200,OK,线程组 1-3,text,true,,114,0,8,8,46,0,4
1510281951878,224,jp@gc - Dummy Sampler,200,OK,线程组 1-4,text,true,,114,0,8,8,5,0,3
1510281951898,210,jp@gc - Dummy Sampler,200,OK,线程组 1-2,text,true,,114,0,8,8,43,0,1
1510281951891,277,jp@gc - Dummy Sampler,200,OK,线程组 1-6,text,true,,114,0,9,9,46,0,5
1510281951723,460,jp@gc - Dummy Sampler,200,OK,线程组 1-5,text,true,,114,0,9,9,9,0,2
1510281952124,119,jp@gc - Dummy Sampler,200,OK,线程组 1-9,text,true,,114,0,10,10,40,0,2
1510281951785,475,jp@gc - Dummy Sampler,200,OK,线程组 1-1,text,true,,114,0,10,10,43,0,5
1510281952035,241,jp@gc - Dummy Sampler,200,OK,线程组 1-7,text,true,,114,0,10,10,22,0,2
1510281952243,81,jp@gc - Dummy Sampler,200,OK,线程组 1-9,text,true,,114,0,10,10,35,0,5
1510281952102,284,jp@gc - Dummy Sampler,200,OK,线程组 1-4,text,true,,114,0,10,10,44,0,3
1510281952260,129,jp@gc - Dummy Sampler,200,OK,线程组 1-1,text,true,,114,0,10,10,30,0,5
1510281952052,373,jp@gc - Dummy Sampler,200,OK,线程组 1-3,text,true,,114,0,10,10,3,0,4
1510281952276,200,jp@gc - Dummy Sampler,200,OK,线程组 1-7,text,true,,114,0,10,10,19,0,5
1510281952024,486,jp@gc - Dummy Sampler,200,OK,线程组 1-8,text,true,,114,0,10,10,8,0,4
1510281952168,348,jp@gc - Dummy Sampler,200,OK,线程组 1-6,text,true,,114,0,10,10,5,0,3
1510281952108,454,jp@gc - Dummy Sampler,200,OK,线程组 1-2,text,true,,114,0,10,10,13,0,2
1510281952511,79,jp@gc - Dummy Sampler,200,OK,线程组 1-8,text,true,,114,0,10,10,38,0,3
1510281952183,455,jp@gc - Dummy Sampler,200,OK,线程组 1-5,text,true,,114,0,10,10,44,0,4
1510281952324,350,jp@gc - Dummy Sampler,200,OK,线程组 1-9,text,true,,114,0,10,10,14,0,1
1510281952223,482,jp@gc - Dummy Sampler,200,OK,线程组 1-10,text,true,,114,0,10,10,23,0,4
1510281952591,184,jp@gc - Dummy Sampler,200,OK,线程组 1-8,text,true,,114,0,10,10,11,0,2
1510281952389,395,jp@gc - Dummy Sampler,200,OK,线程组 1-1,text,true,,114,0,10,10,40,0,2
1510281952386,406,jp@gc - Dummy Sampler,200,OK,线程组 1-4,text,true,,114,0,10,10,23,0,2
1510281952425,383,jp@gc - Dummy Sampler,200,OK,线程组 1-3,text,true,,114,0,10,10,40,0,3
1510281952477,333,jp@gc - Dummy Sampler,200,OK,线程组 1-7,text,true,,114,0,10,10,16,0,5
1510281952675,141,jp@gc - Dummy Sampler,200,OK,线程组 1-9,text,true,,114,0,10,10,20,0,4
1510281952706,150,jp@gc - Dummy Sampler,200,OK,线程组 1-10,text,true,,114,0,10,10,11,0,2
1510281952517,361,jp@gc - Dummy Sampler,200,OK,线程组 1-6,text,true,,114,0,10,10,19,0,1
1510281952809,105,jp@gc - Dummy Sampler,200,OK,线程组 1-3,text,true,,114,0,10,10,45,0,1
1510281952784,168,jp@gc - Dummy Sampler,200,OK,线程组 1-1,text,true,,114,0,10,10,45,0,2
1510281952810,161,jp@gc - Dummy Sampler,200,OK,线程组 1-7,text,true,,114,0,10,10,36,0,1
1510281952639,389,jp@gc - Dummy Sampler,200,OK,线程组 1-5,text,true,,114,0,10,10,24,0,4
1510281952563,469,jp@gc - Dummy Sampler,200,OK,线程组 1-2,text,true,,114,0,10,10,6,0,3
1510281952879,182,jp@gc - Dummy Sampler,200,OK,线程组 1-6,text,true,,114,0,10,10,26,0,4
1510281952817,308,jp@gc - Dummy Sampler,200,OK,线程组 1-9,text,true,,114,0,10,10,7,0,4
1510281952793,348,jp@gc - Dummy Sampler,200,OK,线程组 1-4,text,true,,114,0,10,10,6,0,2
1510281952776,397,jp@gc - Dummy Sampler,200,OK,线程组 1-8,text,true,,114,0,10,10,20,0,2
1510281953126,71,jp@gc - Dummy Sampler,200,OK,线程组 1-9,text,true,,114,0,10,10,38,0,2
1510281952915,338,jp@gc - Dummy Sampler,200,OK,线程组 1-3,text,true,,114,0,10,10,15,0,4
1510281952953,319,jp@gc - Dummy Sampler,200,OK,线程组 1-1,text,true,,114,0,10,10,17,0,1
1510281952857,475,jp@gc - Dummy Sampler,200,OK,线程组 1-10,text,true,,114,0,10,10,49,0,1
1510281953174,162,jp@gc - Dummy Sampler,200,OK,线程组 1-8,text,true,,114,0,10,10,45,0,2
1510281953029,322,jp@gc - Dummy Sampler,200,OK,线程组 1-5,text,true,,114,0,10,10,45,0,4
1510281953198,172,jp@gc - Dummy Sampler,200,OK,线程组 1-9,text,true,,114,0,10,10,1,0,4
1510281953033,347,jp@gc - Dummy Sampler,200,OK,线程组 1-2,text,true,,114,0,10,10,1,0,5
1510281953381,51,jp@gc - Dummy Sampler,200,OK,线程组 1-2,text,true,,114,0,10,10,11,0,1
1510281953142,292,jp@gc - Dummy Sampler,200,OK,线程组 1-4,text,true,,114,0,10,10,20,0,2
1510281952972,483,jp@gc - Dummy Sampler,200,OK,线程组 1-7,text,true,,114,0,10,10,40,0,3
1510281953062,413,jp@gc - Dummy Sampler,200,OK,线程组 1-6,text,true,,114,0,10,10,14,0,1
1510281953352,158,jp@gc - Dummy Sampler,200,OK,线程组 1-5,text,true,,114,0,10,10,47,0,2
1510281953333,248,jp@gc - Dummy Sampler,200,OK,线程组 1-10,text,true,,114,0,10,10,45,0,4
1510281953432,165,jp@gc - Dummy Sampler,200,OK,线程组 1-2,text,true,,114,0,10,10,38,0,1
1510281953371,229,jp@gc - Dummy Sampler,200,OK,线程组 1-9,text,true,,114,0,10,10,39,0,1
1510281953273,363,jp@gc - Dummy Sampler,200,OK,线程组 1-1,text,true,,114,0,10,10,37,0,3
1510281953337,318,jp@gc - Dummy Sampler,200,OK,线程组 1-8,text,true,,114,0,10,10,14,0,3
1510281953456,214,jp@gc - Dummy Sampler,200,OK,线程组 1-7,text,true,,114,0,10,10,49,0,3
1510281953476,208,jp@gc - Dummy Sampler,200,OK,线程组 1-6,text,true,,114,0,10,10,17,0,3
1510281953254,472,jp@gc - Dummy Sampler,200,OK,线程组 1-3,text,true,,114,0,10,10,19,0,3
1510281953435,327,jp@gc - Dummy Sampler,200,OK,线程组 1-4,text,true,,114,0,10,10,42,0,4
1510281953670,210,jp@gc - Dummy Sampler,200,OK,线程组 1-7,text,true,,114,0,10,10,7,0,1
1510281953597,284,jp@gc - Dummy Sampler,200,OK,线程组 1-2,text,true,,114,0,10,10,47,0,5
1510281953600,296,jp@gc - Dummy Sampler,200,OK,线程组 1-9,text,true,,114,0,10,10,47,0,5
1510281953636,262,jp@gc - Dummy Sampler,200,OK,线程组 1-1,text,true,,114,0,10,10,10,0,5
1510281953510,433,jp@gc - Dummy Sampler,200,OK,线程组 1-5,text,true,,114,0,10,10,28,0,5
1510281953655,299,jp@gc - Dummy Sampler,200,OK,线程组 1-8,text,true,,114,0,10,10,50,0,1
1510281953897,65,jp@gc - Dummy Sampler,200,OK,线程组 1-9,text,true,,114,0,10,10,24,0,1
1510281953581,400,jp@gc - Dummy Sampler,200,OK,线程组 1-10,text,true,,114,0,10,10,43,0,2
1510281953685,469,jp@gc - Dummy Sampler,200,OK,线程组 1-6,text,true,,114,0,10,10,16,0,2
1510281953954,201,jp@gc - Dummy Sampler,200,OK,线程组 1-8,text,true,,114,0,10,10,16,0,3
1510281953881,286,jp@gc - Dummy Sampler,200,OK,线程组 1-2,text,true,,114,0,10,10,25,0,4
1510281953726,462,jp@gc - Dummy Sampler,200,OK,线程组 1-3,text,true,,114,0,10,10,5,0,5
1510281953762,427,jp@gc - Dummy Sampler,200,OK,线程组 1-4,text,true,,114,0,10,10,6,0,2
1510281954155,65,jp@gc - Dummy Sampler,200,OK,线程组 1-8,text,true,,114,0,10,10,16,0,4
1510281953898,324,jp@gc - Dummy Sampler,200,OK,线程组 1-1,text,true,,114,0,10,10,22,0,3
1510281953880,388,jp@gc - Dummy Sampler,200,OK,线程组 1-7,text,true,,114,0,10,10,20,0,4
1510281954188,120,jp@gc - Dummy Sampler,200,OK,线程组 1-3,text,true,,114,0,10,10,31,0,5
1510281953944,384,jp@gc - Dummy Sampler,200,OK,线程组 1-5,text,true,,114,0,10,10,24,0,4
1510281954189,185,jp@gc - Dummy Sampler,200,OK,线程组 1-4,text,true,,114,0,10,10,30,0,3
1510281954154,235,jp@gc - Dummy Sampler,200,OK,线程组 1-6,text,true,,114,0,10,10,37,0,3
1510281953981,439,jp@gc - Dummy Sampler,200,OK,线程组 1-10,text,true,,114,0,10,10,25,0,1
1510281954222,217,jp@gc - Dummy Sampler,200,OK,线程组 1-1,text,true,,114,0,10,10,24,0,5
1510281953962,487,jp@gc - Dummy Sampler,200,OK,线程组 1-9,text,true,,114,0,10,10,27,0,2
1510281954389,100,jp@gc - Dummy Sampler,200,OK,线程组 1-6,text,true,,114,0,10,10,4,0,2
1510281954167,365,jp@gc - Dummy Sampler,200,OK,线程组 1-2,text,true,,114,0,10,10,29,0,3
1510281954489,54,jp@gc - Dummy Sampler,200,OK,线程组 1-6,text,true,,114,0,10,10,42,0,2
1510281954268,286,jp@gc - Dummy Sampler,200,OK,线程组 1-7,text,true,,114,0,10,10,32,0,4
1510281954449,128,jp@gc - Dummy Sampler,200,OK,线程组 1-9,text,true,,114,0,10,10,48,0,3
1510281954221,425,jp@gc - Dummy Sampler,200,OK,线程组 1-8,text,true,,114,0,10,10,4,0,3
1510281954328,321,jp@gc - Dummy Sampler,200,OK,线程组 1-5,text,true,,114,0,10,10,23,0,4
1510281954374,285,jp@gc - Dummy Sampler,200,OK,线程组 1-4,text,true,,114,0,10,10,19,0,2
1510281954440,235,jp@gc - Dummy Sampler,200,OK,线程组 1-1,text,true,,114,0,10,10,7,0,3
1510281954532,202,jp@gc - Dummy Sampler,200,OK,线程组 1-2,text,true,,114,0,10,10,48,0,4
1510281954543,192,jp@gc - Dummy Sampler,200,OK,线程组 1-6,text,true,,114,0,10,10,21,0,2
1510281954554,190,jp@gc - Dummy Sampler,200,OK,线程组 1-7,text,true,,114,0,10,10,10,0,4
1510281954421,323,jp@gc - Dummy Sampler,200,OK,线程组 1-10,text,true,,114,0,10,10,32,0,3
1510281954309,458,jp@gc - Dummy Sampler,200,OK,线程组 1-3,text,true,,114,0,10,10,3,0,1
1510281954735,60,jp@gc - Dummy Sampler,200,OK,线程组 1-2,text,true,,114,0,10,10,26,0,1
1510281954649,200,jp@gc - Dummy Sampler,200,OK,线程组 1-5,text,true,,114,0,10,10,37,0,4
1510281954675,197,jp@gc - Dummy Sampler,200,OK,线程组 1-1,text,true,,114,0,10,10,48,0,1
1510281954745,147,jp@gc - Dummy Sampler,200,OK,线程组 1-10,text,true,,114,0,10,10,13,0,5
1510281954795,168,jp@gc - Dummy Sampler,200,OK,线程组 1-2,text,true,,114,0,10,10,26,0,4
1510281954647,320,jp@gc - Dummy Sampler,200,OK,线程组 1-8,text,true,,114,0,10,10,1,0,3
1510281954892,100,jp@gc - Dummy Sampler,200,OK,线程组 1-10,text,true,,114,0,10,10,7,0,4
1510281954767,237,jp@gc - Dummy Sampler,200,OK,线程组 1-3,text,true,,114,0,10,10,38,0,4
1510281954577,432,jp@gc - Dummy Sampler,200,OK,线程组 1-9,text,true,,114,0,10,10,10,0,2
1510281954872,163,jp@gc - Dummy Sampler,200,OK,线程组 1-1,text,true,,114,0,10,10,13,0,3
1510281954967,81,jp@gc - Dummy Sampler,200,OK,线程组 1-8,text,true,,114,0,10,10,45,0,5
1510281954659,403,jp@gc - Dummy Sampler,200,OK,线程组 1-4,text,true,,114,0,10,10,32,0,2
1510281954745,372,jp@gc - Dummy Sampler,200,OK,线程组 1-7,text,true,,114,0,10,10,26,0,5
1510281955035,133,jp@gc - Dummy Sampler,200,OK,线程组 1-1,text,true,,114,0,10,10,26,0,1
1510281954735,475,jp@gc - Dummy Sampler,200,OK,线程组 1-6,text,true,,114,0,10,10,39,0,3
1510281954992,236,jp@gc - Dummy Sampler,200,OK,线程组 1-10,text,true,,114,0,10,10,50,0,3
1510281955009,249,jp@gc - Dummy Sampler,200,OK,线程组 1-9,text,true,,114,0,10,10,5,0,3
1510281955004,269,jp@gc - Dummy Sampler,200,OK,线程组 1-3,text,true,,114,0,10,10,25,0,2
1510281954849,431,jp@gc - Dummy Sampler,200,OK,线程组 1-5,text,true,,114,0,10,10,6,0,5
1510281955048,324,jp@gc - Dummy Sampler,200,OK,线程组 1-8,text,true,,114,0,10,10,39,0,2
1510281955211,165,jp@gc - Dummy Sampler,200,OK,线程组 1-6,text,true,,114,0,10,10,17,0,5
1510281954963,420,jp@gc - Dummy Sampler,200,OK,线程组 1-2,text,true,,114,0,10,10,15,0,5
1510281955062,334,jp@gc - Dummy Sampler,200,OK,线程组 1-4,text,true,,114,0,10,10,4,0,5
1510281955118,300,jp@gc - Dummy Sampler,200,OK,线程组 1-7,text,true,,114,0,10,10,32,0,3
1510281955274,178,jp@gc - Dummy Sampler,200,OK,线程组 1-3,text,true,,114,0,10,10,11,0,3
1510281955373,136,jp@gc - Dummy Sampler,200,OK,线程组 1-8,text,true,,114,0,10,10,29,0,3
1510281955281,232,jp@gc - Dummy Sampler,200,OK,线程组 1-5,text,true,,114,0,10,10,38,0,2
1510281955259,254,jp@gc - Dummy Sampler,200,OK,线程组 1-9,text,true,,114,0,10,10,39,0,5
1510281955452,67,jp@gc - Dummy Sampler,200,OK,线程组 1-3,text,true,,114,0,10,10,26,0,4
1510281955519,77,jp@gc - Dummy Sampler,200,OK,线程组 1-3,text,true,,114,0,10,10,4,0,5
1510281955229,385,jp@gc - Dummy Sampler,200,OK,线程组 1-10,text,true,,114,0,10,10,16,0,5
1510281955168,480,jp@gc - Dummy Sampler,200,OK,线程组 1-1,text,true,,114,0,10,10,29,0,3
1510281955376,364,jp@gc - Dummy Sampler,200,OK,线程组 1-6,text,true,,114,0,10,10,24,0,3
1510281955383,395,jp@gc - Dummy Sampler,200,OK,线程组 1-2,text,true,,114,0,10,10,40,0,5
1510281955513,278,jp@gc - Dummy Sampler,200,OK,线程组 1-5,text,true,,114,0,10,10,23,0,1
1510281955596,204,jp@gc - Dummy Sampler,200,OK,线程组 1-3,text,true,,114,0,10,10,23,0,3
1510281955419,410,jp@gc - Dummy Sampler,200,OK,线程组 1-7,text,true,,114,0,10,10,33,0,4
1510281955396,460,jp@gc - Dummy Sampler,200,OK,线程组 1-4,text,true,,114,0,10,10,26,0,3
1510281955509,360,jp@gc - Dummy Sampler,200,OK,线程组 1-8,text,true,,114,0,10,10,48,0,5
1510281955800,93,jp@gc - Dummy Sampler,200,OK,线程组 1-3,text,true,,114,0,10,10,8,0,2
1510281955856,67,jp@gc - Dummy Sampler,200,OK,线程组 1-4,text,true,,114,0,10,10,44,0,2
1510281955829,125,jp@gc - Dummy Sampler,200,OK,线程组 1-7,text,true,,114,0,10,10,13,0,5
1510281955615,361,jp@gc - Dummy Sampler,200,OK,线程组 1-10,text,true,,114,0,10,10,3,0,4
1510281955513,474,jp@gc - Dummy Sampler,200,OK,线程组 1-9,text,true,,114,0,10,10,47,0,3
1510281955740,264,jp@gc - Dummy Sampler,200,OK,线程组 1-6,text,true,,114,0,10,10,35,0,3
1510281955648,387,jp@gc - Dummy Sampler,200,OK,线程组 1-1,text,true,,114,0,10,10,19,0,4
1510281955778,295,jp@gc - Dummy Sampler,200,OK,线程组 1-2,text,true,,114,0,10,10,14,0,4
1510281955791,311,jp@gc - Dummy Sampler,200,OK,线程组 1-5,text,true,,114,0,10,10,25,0,1
1510281955869,238,jp@gc - Dummy Sampler,200,OK,线程组 1-8,text,true,,114,0,10,10,36,0,2
1510281955987,216,jp@gc - Dummy Sampler,200,OK,线程组 1-9,text,true,,114,0,10,10,17,0,4
1510281955893,326,jp@gc - Dummy Sampler,200,OK,线程组 1-3,text,true,,114,0,10,10,20,0,4
1510281955976,264,jp@gc - Dummy Sampler,200,OK,线程组 1-10,text,true,,114,0,10,10,35,0,2
1510281956035,213,jp@gc - Dummy Sampler,200,OK,线程组 1-1,text,true,,114,0,10,10,29,0,3
1510281956107,153,jp@gc - Dummy Sampler,200,OK,线程组 1-8,text,true,,114,0,10,10,36,0,3
1510281956203,61,jp@gc - Dummy Sampler,200,OK,线程组 1-9,text,true,,114,0,10,10,23,0,4
1510281956248,79,jp@gc - Dummy Sampler,200,OK,线程组 1-1,text,true,,114,0,10,10,26,0,1
1510281955923,411,jp@gc - Dummy Sampler,200,OK,线程组 1-4,text,true,,114,0,10,10,8,0,2
1510281955955,410,jp@gc - Dummy Sampler,200,OK,线程组 1-7,text,true,,114,0,10,10,29,0,4
1510281956004,373,jp@gc - Dummy Sampler,200,OK,线程组 1-6,text,true,,114,0,10,10,41,0,4
1510281956335,58,jp@gc - Dummy Sampler,200,OK,线程组 1-4,text,true,,114,0,10,10,28,0,3
1510281956219,184,jp@gc - Dummy Sampler,200,OK,线程组 1-3,text,true,,114,0,10,10,25,0,1
1510281956240,190,jp@gc - Dummy Sampler,200,OK,线程组 1-10,text,true,,114,0,10,10,38,0,3
1510281956377,67,jp@gc - Dummy Sampler,200,OK,线程组 1-6,text,true,,114,0,10,10,15,0,3
1510281956366,122,jp@gc - Dummy Sampler,200,OK,线程组 1-7,text,true,,114,0,10,10,25,0,5
1510281956260,254,jp@gc - Dummy Sampler,200,OK,线程组 1-8,text,true,,114,0,10,10,39,0,4
1510281956073,453,jp@gc - Dummy Sampler,200,OK,线程组 1-2,text,true,,114,0,10,10,43,0,4
1510281956264,292,jp@gc - Dummy Sampler,200,OK,线程组 1-9,text,true,,114,0,10,10,14,0,3
1510281956102,465,jp@gc - Dummy Sampler,200,OK,线程组 1-5,text,true,,114,0,10,10,34,0,2
1510281956403,186,jp@gc - Dummy Sampler,200,OK,线程组 1-3,text,true,,114,0,10,10,14,0,2
1510281956327,301,jp@gc - Dummy Sampler,200,OK,线程组 1-1,text,true,,114,0,10,10,14,0,5
1510281956445,193,jp@gc - Dummy Sampler,200,OK,线程组 1-6,text,true,,114,0,10,10,4,0,2
1510281956557,135,jp@gc - Dummy Sampler,200,OK,线程组 1-9,text,true,,114,0,10,10,45,0,2
1510281956431,270,jp@gc - Dummy Sampler,200,OK,线程组 1-10,text,true,,114,0,10,10,39,0,5
1510281956393,319,jp@gc - Dummy Sampler,200,OK,线程组 1-4,text,true,,114,0,10,10,9,0,1
1510281956628,104,jp@gc - Dummy Sampler,200,OK,线程组 1-1,text,true,,114,0,10,10,34,0,5
1510281956589,164,jp@gc - Dummy Sampler,200,OK,线程组 1-3,text,true,,114,0,10,10,41,0,2
1510281956692,66,jp@gc - Dummy Sampler,200,OK,线程组 1-9,text,true,,114,0,10,10,28,0,3
1510281956514,274,jp@gc - Dummy Sampler,200,OK,线程组 1-8,text,true,,114,0,10,10,6,0,5
1510281956526,262,jp@gc - Dummy Sampler,200,OK,线程组 1-2,text,true,,114,0,10,10,27,0,4
1510281956701,89,jp@gc - Dummy Sampler,200,OK,线程组 1-10,text,true,,114,0,10,10,27,0,2
1510281956638,217,jp@gc - Dummy Sampler,200,OK,线程组 1-6,text,true,,114,0,10,10,43,0,4
1510281956759,115,jp@gc - Dummy Sampler,200,OK,线程组 1-9,text,true,,114,0,10,10,40,0,1
1510281956754,138,jp@gc - Dummy Sampler,200,OK,线程组 1-3,text,true,,114,0,10,10,50,0,2
1510281956488,491,jp@gc - Dummy Sampler,200,OK,线程组 1-7,text,true,,114,0,10,10,37,0,2
1510281956789,196,jp@gc - Dummy Sampler,200,OK,线程组 1-2,text,true,,114,0,10,10,49,0,5
1510281956733,285,jp@gc - Dummy Sampler,200,OK,线程组 1-1,text,true,,114,0,10,10,47,0,4
1510281956568,469,jp@gc - Dummy Sampler,200,OK,线程组 1-5,text,true,,114,0,10,10,45,0,3
1510281957018,57,jp@gc - Dummy Sampler,200,OK,线程组 1-1,text,true,,114,0,10,10,5,0,3
1510281956713,372,jp@gc - Dummy Sampler,200,OK,线程组 1-4,text,true,,114,0,10,10,12,0,3
1510281956788,346,jp@gc - Dummy Sampler,200,OK,线程组 1-8,text,true,,114,0,10,10,42,0,2
1510281956790,350,jp@gc - Dummy Sampler,200,OK,线程组 1-10,text,true,,114,0,10,10,28,0,2
1510281956985,175,jp@gc - Dummy Sampler,200,OK,线程组 1-2,text,true,,114,0,10,10,18,0,1
1510281957076,116,jp@gc - Dummy Sampler,200,OK,线程组 1-1,text,true,,114,0,10,10,4,0,5
1510281957038,155,jp@gc - Dummy Sampler,200,OK,线程组 1-5,text,true,,114,0,10,10,38,0,5
1510281956892,360,jp@gc - Dummy Sampler,200,OK,线程组 1-3,text,true,,114,0,10,10,25,0,3
1510281957086,183,jp@gc - Dummy Sampler,200,OK,线程组 1-4,text,true,,114,0,10,10,11,0,1
1510281956855,430,jp@gc - Dummy Sampler,200,OK,线程组 1-6,text,true,,114,0,10,10,38,0,4
1510281957192,133,jp@gc - Dummy Sampler,200,OK,线程组 1-1,text,true,,114,0,10,10,21,0,4
1510281956874,485,jp@gc - Dummy Sampler,200,OK,线程组 1-9,text,true,,114,0,10,10,17,0,2
1510281956980,407,jp@gc - Dummy Sampler,200,OK,线程组 1-7,text,true,,114,0,10,10,7,0,3
1510281957140,262,jp@gc - Dummy Sampler,200,OK,线程组 1-10,text,true,,114,0,10,10,24,0,4
1510281957325,83,jp@gc - Dummy Sampler,200,OK,线程组 1-1,text,true,,114,0,10,10,41,0,5
1510281957269,181,jp@gc - Dummy Sampler,200,OK,线程组 1-4,text,true,,114,0,10,10,44,0,3
1510281957253,210,jp@gc - Dummy Sampler,200,OK,线程组 1-3,text,true,,114,0,10,10,12,0,2
1510281957161,308,jp@gc - Dummy Sampler,200,OK,线程组 1-2,text,true,,114,0,10,10,22,0,5
1510281957135,418,jp@gc - Dummy Sampler,200,OK,线程组 1-8,text,true,,114,0,10,10,41,0,4
1510281957402,188,jp@gc - Dummy Sampler,200,OK,线程组 1-10,text,true,,114,0,10,10,24,0,4
1510281957387,222,jp@gc - Dummy Sampler,200,OK,线程组 1-7,text,true,,114,0,10,10,38,0,2
1510281957194,418,jp@gc - Dummy Sampler,200,OK,线程组 1-5,text,true,,114,0,10,10,10,0,3
1510281957408,254,jp@gc - Dummy Sampler,200,OK,线程组 1-1,text,true,,114,0,10,10,31,0,2
1510281957285,411,jp@gc - Dummy Sampler,200,OK,线程组 1-6,text,true,,114,0,10,10,4,0,5
1510281957469,251,jp@gc - Dummy Sampler,200,OK,线程组 1-2,text,true,,114,0,10,10,26,0,2
1510281957609,131,jp@gc - Dummy Sampler,200,OK,线程组 1-7,text,true,,114,0,10,10,23,0,2
1510281957612,155,jp@gc - Dummy Sampler,200,OK,线程组 1-5,text,true,,114,0,10,10,5,0,5
1510281957359,447,jp@gc - Dummy Sampler,200,OK,线程组 1-9,text,true,,114,0,10,10,4,0,3
1510281957720,133,jp@gc - Dummy Sampler,200,OK,线程组 1-2,text,true,,114,0,10,10,48,0,5
1510281957451,419,jp@gc - Dummy Sampler,200,OK,线程组 1-4,text,true,,114,0,10,10,50,0,2
1510281957463,410,jp@gc - Dummy Sampler,200,OK,线程组 1-3,text,true,,114,0,10,10,14,0,1
1510281957696,185,jp@gc - Dummy Sampler,200,OK,线程组 1-6,text,true,,114,0,10,10,18,0,4
1510281957590,294,jp@gc - Dummy Sampler,200,OK,线程组 1-10,text,true,,114,0,10,10,42,0,1
1510281957554,365,jp@gc - Dummy Sampler,200,OK,线程组 1-8,text,true,,114,0,10,10,35,0,5
1510281957870,92,jp@gc - Dummy Sampler,200,OK,线程组 1-4,text,true,,114,0,10,10,13,0,2
1510281957881,83,jp@gc - Dummy Sampler,200,OK,线程组 1-6,text,true,,114,0,10,10,49,0,4
1510281957873,231,jp@gc - Dummy Sampler,200,OK,线程组 1-3,text,true,,114,0,10,10,20,0,2
1510281957741,408,jp@gc - Dummy Sampler,200,OK,线程组 1-7,text,true,,114,0,10,10,11,0,3
1510281957662,491,jp@gc - Dummy Sampler,200,OK,线程组 1-1,text,true,,114,0,10,10,4,0,2
1510281957963,190,jp@gc - Dummy Sampler,200,OK,线程组 1-4,text,true,,114,0,10,10,19,0,3
1510281957807,374,jp@gc - Dummy Sampler,200,OK,线程组 1-9,text,true,,114,0,10,10,40,0,1
1510281957884,302,jp@gc - Dummy Sampler,200,OK,线程组 1-10,text,true,,114,0,10,10,46,0,3
1510281958105,100,jp@gc - Dummy Sampler,200,OK,线程组 1-3,text,true,,114,0,10,10,27,0,5
1510281957767,459,jp@gc - Dummy Sampler,200,OK,线程组 1-5,text,true,,114,0,10,10,43,0,5
1510281957919,327,jp@gc - Dummy Sampler,200,OK,线程组 1-8,text,true,,114,0,10,10,33,0,1
1510281957854,449,jp@gc - Dummy Sampler,200,OK,线程组 1-2,text,true,,114,0,10,10,28,0,1
1510281957964,351,jp@gc - Dummy Sampler,200,OK,线程组 1-6,text,true,,114,0,10,10,38,0,3
1510281958246,86,jp@gc - Dummy Sampler,200,OK,线程组 1-8,text,true,,114,0,10,10,22,0,3
1510281958154,183,jp@gc - Dummy Sampler,200,OK,线程组 1-1,text,true,,114,0,10,10,10,0,5
1510281958186,185,jp@gc - Dummy Sampler,200,OK,线程组 1-10,text,true,,114,0,10,10,49,0,4
1510281958182,261,jp@gc - Dummy Sampler,200,OK,线程组 1-9,text,true,,114,0,10,10,13,0,5
1510281958154,355,jp@gc - Dummy Sampler,200,OK,线程组 1-4,text,true,,114,0,10,10,36,0,1
1510281958205,312,jp@gc - Dummy Sampler,200,OK,线程组 1-3,text,true,,114,0,10,10,27,0,2
1510281958517,58,jp@gc - Dummy Sampler,200,OK,线程组 1-3,text,true,,114,0,10,10,41,0,3
1510281958150,451,jp@gc - Dummy Sampler,200,OK,线程组 1-7,text,true,,114,0,10,10,26,0,4
1510281958303,306,jp@gc - Dummy Sampler,200,OK,线程组 1-2,text,true,,114,0,10,10,25,0,5
1510281958226,391,jp@gc - Dummy Sampler,200,OK,线程组 1-5,text,true,,114,0,10,10,35,0,5
1510281958509,146,jp@gc - Dummy Sampler,200,OK,线程组 1-4,text,true,,114,0,10,10,39,0,2
1510281958371,296,jp@gc - Dummy Sampler,200,OK,线程组 1-10,text,true,,114,0,10,10,47,0,2
1510281958332,397,jp@gc - Dummy Sampler,200,OK,线程组 1-8,text,true,,114,0,10,10,31,0,5
1510281958575,164,jp@gc - Dummy Sampler,200,OK,线程组 1-3,text,true,,114,0,10,10,33,0,2
1510281958337,430,jp@gc - Dummy Sampler,200,OK,线程组 1-1,text,true,,114,0,10,10,8,0,1
1510281958315,456,jp@gc - Dummy Sampler,200,OK,线程组 1-6,text,true,,114,0,10,10,4,0,5
1510281958609,227,jp@gc - Dummy Sampler,200,OK,线程组 1-2,text,true,,114,0,10,10,10,0,1
1510281958667,225,jp@gc - Dummy Sampler,200,OK,线程组 1-10,text,true,,114,0,10,10,35,0,5
1510281958443,481,jp@gc - Dummy Sampler,200,OK,线程组 1-9,text,true,,114,0,10,10,34,0,4
1510281958729,259,jp@gc - Dummy Sampler,200,OK,线程组 1-8,text,true,,114,0,10,10,29,0,1
1510281958655,347,jp@gc - Dummy Sampler,200,OK,线程组 1-4,text,true,,114,0,10,10,31,0,5
1510281958767,244,jp@gc - Dummy Sampler,200,OK,线程组 1-1,text,true,,114,0,10,10,22,0,4
1510281958601,422,jp@gc - Dummy Sampler,200,OK,线程组 1-7,text,true,,114,0,10,10,40,0,4
1510281958617,476,jp@gc - Dummy Sampler,200,OK,线程组 1-5,text,true,,114,0,10,10,12,0,1
1510281958988,114,jp@gc - Dummy Sampler,200,OK,线程组 1-8,text,true,,114,0,10,10,4,0,4
1510281958924,180,jp@gc - Dummy Sampler,200,OK,线程组 1-9,text,true,,114,0,10,10,18,0,4
1510281958771,338,jp@gc - Dummy Sampler,200,OK,线程组 1-6,text,true,,114,0,10,10,50,0,1
1510281959002,149,jp@gc - Dummy Sampler,200,OK,线程组 1-4,text,true,,114,0,10,10,27,0,5
1510281958739,458,jp@gc - Dummy Sampler,200,OK,线程组 1-3,text,true,,114,0,10,10,34,0,4
1510281958836,424,jp@gc - Dummy Sampler,200,OK,线程组 1-2,text,true,,114,0,10,10,16,0,5
1510281959104,174,jp@gc - Dummy Sampler,200,OK,线程组 1-9,text,true,,114,0,10,10,16,0,1
1510281959151,152,jp@gc - Dummy Sampler,200,OK,线程组 1-4,text,true,,114,0,10,10,11,0,5
1510281958892,420,jp@gc - Dummy Sampler,200,OK,线程组 1-10,text,true,,114,0,10,10,17,0,3
1510281959109,246,jp@gc - Dummy Sampler,200,OK,线程组 1-6,text,true,,114,0,10,10,38,0,4
1510281959023,412,jp@gc - Dummy Sampler,200,OK,线程组 1-7,text,true,,114,0,10,10,48,0,4
1510281959011,436,jp@gc - Dummy Sampler,200,OK,线程组 1-1,text,true,,114,0,10,10,36,0,2
1510281959303,152,jp@gc - Dummy Sampler,200,OK,线程组 1-4,text,true,,114,0,10,10,47,0,3
1510281959197,263,jp@gc - Dummy Sampler,200,OK,线程组 1-3,text,true,,114,0,10,10,4,0,2
1510281959455,68,jp@gc - Dummy Sampler,200,OK,线程组 1-4,text,true,,114,0,10,10,14,0,3
1510281959260,282,jp@gc - Dummy Sampler,200,OK,线程组 1-2,text,true,,114,0,10,10,7,0,5
1510281959102,442,jp@gc - Dummy Sampler,200,OK,线程组 1-8,text,true,,114,0,10,10,10,0,3
1510281959093,461,jp@gc - Dummy Sampler,200,OK,线程组 1-5,text,true,,114,0,10,10,28,0,1
1510281959554,73,jp@gc - Dummy Sampler,200,OK,线程组 1-5,text,true,,114,0,10,10,4,0,4
1510281959355,325,jp@gc - Dummy Sampler,200,OK,线程组 1-6,text,true,,114,0,10,10,21,0,4
1510281959312,381,jp@gc - Dummy Sampler,200,OK,线程组 1-10,text,true,,114,0,10,10,5,0,3
1510281959278,450,jp@gc - Dummy Sampler,200,OK,线程组 1-9,text,true,,114,0,10,10,3,0,5
1510281959460,279,jp@gc - Dummy Sampler,200,OK,线程组 1-3,text,true,,114,0,10,10,49,0,2
1510281959542,236,jp@gc - Dummy Sampler,200,OK,线程组 1-2,text,true,,114,0,10,10,37,0,5
1510281959680,117,jp@gc - Dummy Sampler,200,OK,线程组 1-6,text,true,,114,0,10,10,35,0,3
1510281959523,297,jp@gc - Dummy Sampler,200,OK,线程组 1-4,text,true,,114,0,10,10,6,0,3
1510281959544,276,jp@gc - Dummy Sampler,200,OK,线程组 1-8,text,true,,114,0,10,10,16,0,5
1510281959435,454,jp@gc - Dummy Sampler,200,OK,线程组 1-7,text,true,,114,0,10,10,38,0,5
1510281959728,194,jp@gc - Dummy Sampler,200,OK,线程组 1-9,text,true,,114,0,10,10,9,0,1
1510281959447,480,jp@gc - Dummy Sampler,200,OK,线程组 1-1,text,true,,114,0,10,10,33,0,1
1510281959797,166,jp@gc - Dummy Sampler,200,OK,线程组 1-6,text,true,,114,0,10,10,44,0,2
1510281959778,206,jp@gc - Dummy Sampler,200,OK,线程组 1-2,text,true,,114,0,10,10,29,0,1
1510281959820,174,jp@gc - Dummy Sampler,200,OK,线程组 1-4,text,true,,114,0,10,10,30,0,5
1510281959627,372,jp@gc - Dummy Sampler,200,OK,线程组 1-5,text,true,,114,0,10,10,18,0,5
1510281959820,192,jp@gc - Dummy Sampler,200,OK,线程组 1-8,text,true,,114,0,10,10,7,0,1
1510281959739,282,jp@gc - Dummy Sampler,200,OK,线程组 1-3,text,true,,114,0,10,10,26,0,5
1510281959927,110,jp@gc - Dummy Sampler,200,OK,线程组 1-1,text,true,,114,0,10,10,31,0,3
1510281959694,366,jp@gc - Dummy Sampler,200,OK,线程组 1-10,text,true,,114,0,10,10,38,0,2
1510281959922,221,jp@gc - Dummy Sampler,200,OK,线程组 1-9,text,true,,114,0,10,10,32,0,2
1510281960037,118,jp@gc - Dummy Sampler,200,OK,线程组 1-1,text,true,,114,0,10,10,44,0,4
1510281960060,126,jp@gc - Dummy Sampler,200,OK,线程组 1-10,text,true,,114,0,10,10,12,0,2
1510281959994,199,jp@gc - Dummy Sampler,200,OK,线程组 1-4,text,true,,114,0,10,10,20,0,5
1510281960155,54,jp@gc - Dummy Sampler,200,OK,线程组 1-1,text,true,,114,0,10,10,13,0,2
1510281960143,70,jp@gc - Dummy Sampler,200,OK,线程组 1-9,text,true,,114,0,10,10,12,0,2
1510281959889,358,jp@gc - Dummy Sampler,200,OK,线程组 1-7,text,true,,114,0,10,10,45,0,5
1510281960194,66,jp@gc - Dummy Sampler,200,OK,线程组 1-4,text,true,,114,0,10,10,34,0,2
1510281959999,275,jp@gc - Dummy Sampler,200,OK,线程组 1-5,text,true,,114,0,10,10,24,0,2
1510281960214,68,jp@gc - Dummy Sampler,200,OK,线程组 1-9,text,true,,114,0,10,10,44,0,4
1510281960209,185,jp@gc - Dummy Sampler,200,OK,线程组 1-1,text,true,,114,0,10,10,4,0,1
1510281960021,403,jp@gc - Dummy Sampler,200,OK,线程组 1-3,text,true,,114,0,10,10,40,0,4
1510281960012,424,jp@gc - Dummy Sampler,200,OK,线程组 1-8,text,true,,114,0,10,10,8,0,3
1510281959963,473,jp@gc - Dummy Sampler,200,OK,线程组 1-6,text,true,,114,0,10,10,49,0,4
1510281959984,476,jp@gc - Dummy Sampler,200,OK,线程组 1-2,text,true,,114,0,10,10,23,0,2
1510281960186,278,jp@gc - Dummy Sampler,200,OK,线程组 1-10,text,true,,114,0,10,10,49,0,5
1510281960260,270,jp@gc - Dummy Sampler,200,OK,线程组 1-4,text,true,,114,0,10,10,14,0,5
1510281960394,136,jp@gc - Dummy Sampler,200,OK,线程组 1-1,text,true,,114,0,10,10,8,0,4
1510281960530,91,jp@gc - Dummy Sampler,200,OK,线程组 1-4,text,true,,114,0,10,10,5,0,4
1510281960274,381,jp@gc - Dummy Sampler,200,OK,线程组 1-5,text,true,,114,0,10,10,24,0,3
1510281960460,231,jp@gc - Dummy Sampler,200,OK,线程组 1-2,text,true,,114,0,10,10,23,0,5
1510281960247,455,jp@gc - Dummy Sampler,200,OK,线程组 1-7,text,true,,114,0,10,10,33,0,3
1510281960424,284,jp@gc - Dummy Sampler,200,OK,线程组 1-3,text,true,,114,0,10,10,21,0,3
1510281960530,222,jp@gc - Dummy Sampler,200,OK,线程组 1-1,text,true,,114,0,10,10,45,0,2
1510281960282,495,jp@gc - Dummy Sampler,200,OK,线程组 1-9,text,true,,114,0,10,10,40,0,4
1510281960436,346,jp@gc - Dummy Sampler,200,OK,线程组 1-6,text,true,,114,0,10,10,41,0,4
1510281960655,134,jp@gc - Dummy Sampler,200,OK,线程组 1-5,text,true,,114,0,10,10,14,0,2
1510281960702,146,jp@gc - Dummy Sampler,200,OK,线程组 1-7,text,true,,114,0,10,10,36,0,4
1510281960436,416,jp@gc - Dummy Sampler,200,OK,线程组 1-8,text,true,,114,0,10,10,3,0,3
1510281960621,276,jp@gc - Dummy Sampler,200,OK,线程组 1-4,text,true,,114,0,10,10,17,0,4
1510281960777,123,jp@gc - Dummy Sampler,200,OK,线程组 1-9,text,true,,114,0,10,10,47,0,3
1510281960782,129,jp@gc - Dummy Sampler,200,OK,线程组 1-6,text,true,,114,0,10,10,46,0,1
1510281960464,468,jp@gc - Dummy Sampler,200,OK,线程组 1-10,text,true,,114,0,10,10,22,0,5
1510281960852,110,jp@gc - Dummy Sampler,200,OK,线程组 1-8,text,true,,114,0,10,10,47,0,3
1510281960900,88,jp@gc - Dummy Sampler,200,OK,线程组 1-9,text,true,,114,0,10,10,3,0,3
1510281960752,241,jp@gc - Dummy Sampler,200,OK,线程组 1-1,text,true,,114,0,10,10,15,0,2
1510281960848,189,jp@gc - Dummy Sampler,200,OK,线程组 1-7,text,true,,114,0,10,10,36,0,1
1510281960708,339,jp@gc - Dummy Sampler,200,OK,线程组 1-3,text,true,,114,0,10,10,42,0,1
1510281960993,92,jp@gc - Dummy Sampler,200,OK,线程组 1-1,text,true,,114,0,10,10,6,0,2
1510281961037,54,jp@gc - Dummy Sampler,200,OK,线程组 1-7,text,true,,114,0,10,10,4,0,3
1510281960897,206,jp@gc - Dummy Sampler,200,OK,线程组 1-4,text,true,,114,0,10,10,17,0,3
1510281960691,438,jp@gc - Dummy Sampler,200,OK,线程组 1-2,text,true,,114,0,10,10,16,0,5
1510281960789,428,jp@gc - Dummy Sampler,200,OK,线程组 1-5,text,true,,114,0,10,10,29,0,2
1510281960988,234,jp@gc - Dummy Sampler,200,OK,线程组 1-9,text,true,,114,0,10,10,32,0,2
1510281960911,327,jp@gc - Dummy Sampler,200,OK,线程组 1-6,text,true,,114,0,10,10,3,0,5
1510281961086,186,jp@gc - Dummy Sampler,200,OK,线程组 1-1,text,true,,114,0,10,10,35,0,3
1510281960932,361,jp@gc - Dummy Sampler,200,OK,线程组 1-10,text,true,,114,0,10,10,31,0,5
1510281960962,385,jp@gc - Dummy Sampler,200,OK,线程组 1-8,text,true,,114,0,10,10,22,0,1
1510281961272,139,jp@gc - Dummy Sampler,200,OK,线程组 1-1,text,true,,114,0,10,10,34,0,4
1510281961047,375,jp@gc - Dummy Sampler,200,OK,线程组 1-3,text,true,,114,0,10,10,2,0,3
1510281961091,350,jp@gc - Dummy Sampler,200,OK,线程组 1-7,text,true,,114,0,10,10,46,0,5
1510281961129,328,jp@gc - Dummy Sampler,200,OK,线程组 1-2,text,true,,114,0,10,10,14,0,5
1510281961222,239,jp@gc - Dummy Sampler,200,OK,线程组 1-9,text,true,,114,0,10,10,8,0,4
1510281961103,421,jp@gc - Dummy Sampler,200,OK,线程组 1-4,text,true,,114,0,10,10,49,0,5
1510281961293,268,jp@gc - Dummy Sampler,200,OK,线程组 1-10,text,true,,114,0,10,10,24,0,3
1510281961457,110,jp@gc - Dummy Sampler,200,OK,线程组 1-2,text,true,,114,0,10,10,43,0,1
1510281961461,120,jp@gc - Dummy Sampler,200,OK,线程组 1-9,text,true,,114,0,10,10,27,0,5
1510281961217,397,jp@gc - Dummy Sampler,200,OK,线程组 1-5,text,true,,114,0,10,10,42,0,1
1510281961347,282,jp@gc - Dummy Sampler,200,OK,线程组 1-8,text,true,,114,0,10,10,13,0,2
1510281961441,207,jp@gc - Dummy Sampler,200,OK,线程组 1-7,text,true,,114,0,10,10,34,0,1
1510281961238,418,jp@gc - Dummy Sampler,200,OK,线程组 1-6,text,true,,114,0,10,10,47,0,3
1510281961524,149,jp@gc - Dummy Sampler,200,OK,线程组 1-4,text,true,,114,0,10,10,40,0,4
1510281961422,283,jp@gc - Dummy Sampler,200,OK,线程组 1-3,text,true,,114,0,10,10,29,0,3
1510281961629,77,jp@gc - Dummy Sampler,200,OK,线程组 1-8,text,true,,114,0,10,10,46,0,3
1510281961648,66,jp@gc - Dummy Sampler,200,OK,线程组 1-7,text,true,,114,0,10,10,50,0,1
1510281961673,141,jp@gc - Dummy Sampler,200,OK,线程组 1-4,text,true,,114,0,10,10,44,0,3
1510281961411,426,jp@gc - Dummy Sampler,200,OK,线程组 1-1,text,true,,114,0,10,10,1,0,4
1510281961705,199,jp@gc - Dummy Sampler,200,OK,线程组 1-3,text,true,,114,0,10,10,2,0,3
1510281961561,373,jp@gc - Dummy Sampler,200,OK,线程组 1-10,text,true,,114,0,10,10,6,0,2
1510281961706,307,jp@gc - Dummy Sampler,200,OK,线程组 1-8,text,true,,114,0,10,10,24,0,4
1510281961904,122,jp@gc - Dummy Sampler,200,OK,线程组 1-3,text,true,,114,0,10,10,4,0,2
1510281961656,375,jp@gc - Dummy Sampler,200,OK,线程组 1-6,text,true,,114,0,10,10,35,0,2
1510281961714,341,jp@gc - Dummy Sampler,200,OK,线程组 1-7,text,true,,114,0,10,10,39,0,2
1510281961567,495,jp@gc - Dummy Sampler,200,OK,线程组 1-2,text,true,,114,0,10,10,42,0,4
1510281961581,489,jp@gc - Dummy Sampler,200,OK,线程组 1-9,text,true,,114,0,10,10,16,0,3
1510281962026,71,jp@gc - Dummy Sampler,200,OK,线程组 1-3,text,true,,114,0,10,10,32,0,1
1510281961614,492,jp@gc - Dummy Sampler,200,OK,线程组 1-5,text,true,,114,0,10,10,21,0,4
1510281961814,339,jp@gc - Dummy Sampler,200,OK,线程组 1-4,text,true,,114,0,10,10,5,0,1
1510281962055,114,jp@gc - Dummy Sampler,200,OK,线程组 1-7,text,true,,114,0,10,10,39,0,2
1510281962097,107,jp@gc - Dummy Sampler,200,OK,线程组 1-3,text,true,,114,0,10,10,47,0,3
1510281962031,226,jp@gc - Dummy Sampler,200,OK,线程组 1-6,text,true,,114,0,10,10,2,0,5
1510281961934,371,jp@gc - Dummy Sampler,200,OK,线程组 1-10,text,true,,114,0,10,10,43,0,1
1510281961837,482,jp@gc - Dummy Sampler,200,OK,线程组 1-1,text,true,,114,0,10,10,32,0,2
1510281962070,303,jp@gc - Dummy Sampler,200,OK,线程组 1-9,text,true,,114,0,10,10,24,0,2
1510281962153,241,jp@gc - Dummy Sampler,200,OK,线程组 1-4,text,true,,114,0,10,10,26,0,5
1510281962013,429,jp@gc - Dummy Sampler,200,OK,线程组 1-8,text,true,,114,0,10,10,32,0,2
1510281962373,71,jp@gc - Dummy Sampler,200,OK,线程组 1-9,text,true,,114,0,10,10,39,0,3
1510281962106,342,jp@gc - Dummy Sampler,200,OK,线程组 1-5,text,true,,114,0,10,10,16,0,2
1510281962204,250,jp@gc - Dummy Sampler,200,OK,线程组 1-3,text,true,,114,0,10,10,43,0,1
1510281962257,198,jp@gc - Dummy Sampler,200,OK,线程组 1-6,text,true,,114,0,10,10,47,0,1
1510281962062,402,jp@gc - Dummy Sampler,200,OK,线程组 1-2,text,true,,114,0,10,10,14,0,3
1510281962395,140,jp@gc - Dummy Sampler,200,OK,线程组 1-4,text,true,,114,0,10,10,2,0,4
1510281962444,146,jp@gc - Dummy Sampler,200,OK,线程组 1-9,text,true,,114,0,10,10,18,0,2
1510281962319,279,jp@gc - Dummy Sampler,200,OK,线程组 1-1,text,true,,114,0,10,10,18,0,3
1510281962169,434,jp@gc - Dummy Sampler,200,OK,线程组 1-7,text,true,,114,0,10,10,11,0,4
1510281962448,189,jp@gc - Dummy Sampler,200,OK,线程组 1-5,text,true,,114,0,10,10,48,0,5
1510281962305,359,jp@gc - Dummy Sampler,200,OK,线程组 1-10,text,true,,114,0,10,10,15,0,4
1510281962464,255,jp@gc - Dummy Sampler,200,OK,线程组 1-2,text,true,,114,0,10,10,13,0,3
1510281962535,225,jp@gc - Dummy Sampler,200,OK,线程组 1-4,text,true,,114,0,10,10,32,0,4
1510281962454,320,jp@gc - Dummy Sampler,200,OK,线程组 1-3,text,true,,114,0,10,10,7,0,1
1510281962442,344,jp@gc - Dummy Sampler,200,OK,线程组 1-8,text,true,,114,0,10,10,48,0,1
1510281962664,144,jp@gc - Dummy Sampler,200,OK,线程组 1-10,text,true,,114,0,10,10,20,0,3
1510281962774,77,jp@gc - Dummy Sampler,200,OK,线程组 1-3,text,true,,114,0,10,10,25,0,3
1510281962455,441,jp@gc - Dummy Sampler,200,OK,线程组 1-6,text,true,,114,0,10,10,30,0,1
1510281962590,365,jp@gc - Dummy Sampler,200,OK,线程组 1-9,text,true,,114,0,10,10,36,0,1
1510281962760,213,jp@gc - Dummy Sampler,200,OK,线程组 1-4,text,true,,114,0,10,10,40,0,1
1510281962851,146,jp@gc - Dummy Sampler,200,OK,线程组 1-3,text,true,,114,0,10,10,2,0,5
1510281962720,346,jp@gc - Dummy Sampler,200,OK,线程组 1-2,text,true,,114,0,10,10,16,0,3
1510281962598,476,jp@gc - Dummy Sampler,200,OK,线程组 1-1,text,true,,114,0,10,10,3,0,3
1510281962603,478,jp@gc - Dummy Sampler,200,OK,线程组 1-7,text,true,,114,0,10,10,38,0,2
1510281962808,300,jp@gc - Dummy Sampler,200,OK,线程组 1-10,text,true,,114,0,10,10,38,0,5
1510281962637,493,jp@gc - Dummy Sampler,200,OK,线程组 1-5,text,true,,114,0,10,10,29,0,1
1510281962786,360,jp@gc - Dummy Sampler,200,OK,线程组 1-8,text,true,,114,0,10,10,33,0,4
1510281962973,186,jp@gc - Dummy Sampler,200,OK,线程组 1-4,text,true,,114,0,10,10,16,0,4
1510281962955,218,jp@gc - Dummy Sampler,200,OK,线程组 1-9,text,true,,114,0,10,10,50,0,2
1510281962896,299,jp@gc - Dummy Sampler,200,OK,线程组 1-6,text,true,,114,0,10,10,20,0,1
1510281963066,266,jp@gc - Dummy Sampler,200,OK,线程组 1-2,text,true,,114,0,10,10,41,0,4
1510281963130,206,jp@gc - Dummy Sampler,200,OK,线程组 1-5,text,true,,114,0,10,10,3,0,3
1510281963075,298,jp@gc - Dummy Sampler,200,OK,线程组 1-1,text,true,,114,0,10,10,40,0,2
1510281962997,376,jp@gc - Dummy Sampler,200,OK,线程组 1-3,text,true,,114,0,10,10,7,0,4
1510281963173,232,jp@gc - Dummy Sampler,200,OK,线程组 1-9,text,true,,114,0,10,10,42,0,4
1510281963195,219,jp@gc - Dummy Sampler,200,OK,线程组 1-6,text,true,,114,0,10,10,20,0,2
1510281963108,334,jp@gc - Dummy Sampler,200,OK,线程组 1-10,text,true,,114,0,10,10,34,0,4
1510281963373,85,jp@gc - Dummy Sampler,200,OK,线程组 1-3,text,true,,114,0,10,10,43,0,3
1510281963159,317,jp@gc - Dummy Sampler,200,OK,线程组 1-4,text,true,,114,0,10,10,2,0,5
1510281963332,153,jp@gc - Dummy Sampler,200,OK,线程组 1-2,text,true,,114,0,10,10,35,0,3
1510281963081,413,jp@gc - Dummy Sampler,200,OK,线程组 1-7,text,true,,114,0,10,10,8,0,5
1510281963476,60,jp@gc - Dummy Sampler,200,OK,线程组 1-4,text,true,,114,0,10,10,21,0,3
1510281963146,414,jp@gc - Dummy Sampler,200,OK,线程组 1-8,text,true,,114,0,10,10,29,0,4
1510281963405,199,jp@gc - Dummy Sampler,200,OK,线程组 1-9,text,true,,114,0,10,10,14,0,3
1510281963373,306,jp@gc - Dummy Sampler,200,OK,线程组 1-1,text,true,,114,0,10,10,50,0,4
1510281963336,382,jp@gc - Dummy Sampler,200,OK,线程组 1-5,text,true,,114,0,10,10,11,0,4
1510281963458,269,jp@gc - Dummy Sampler,200,OK,线程组 1-3,text,true,,114,0,10,10,37,0,1
1510281963414,335,jp@gc - Dummy Sampler,200,OK,线程组 1-6,text,true,,114,0,10,10,16,0,4
1510281963485,304,jp@gc - Dummy Sampler,200,OK,线程组 1-2,text,true,,114,0,10,10,45,0,1
1510281963718,124,jp@gc - Dummy Sampler,200,OK,线程组 1-5,text,true,,114,0,10,10,26,0,1
1510281963442,422,jp@gc - Dummy Sampler,200,OK,线程组 1-10,text,true,,114,0,10,10,38,0,4
1510281963604,297,jp@gc - Dummy Sampler,200,OK,线程组 1-9,text,true,,114,0,10,10,11,0,4
1510281963679,222,jp@gc - Dummy Sampler,200,OK,线程组 1-1,text,true,,114,0,10,10,5,0,2
1510281963494,428,jp@gc - Dummy Sampler,200,OK,线程组 1-7,text,true,,114,0,10,10,26,0,3
1510281963536,401,jp@gc - Dummy Sampler,200,OK,线程组 1-4,text,true,,114,0,10,10,49,0,5
1510281963937,73,jp@gc - Dummy Sampler,200,OK,线程组 1-4,text,true,,114,0,10,10,27,0,5
1510281963789,221,jp@gc - Dummy Sampler,200,OK,线程组 1-2,text,true,,114,0,10,10,3,0,4
1510281963560,476,jp@gc - Dummy Sampler,200,OK,线程组 1-8,text,true,,114,0,10,10,18,0,4
1510281963749,316,jp@gc - Dummy Sampler,200,OK,线程组 1-6,text,true,,114,0,10,10,18,0,2
1510281964011,115,jp@gc - Dummy Sampler,200,OK,线程组 1-2,text,true,,114,0,10,10,39,0,2
1510281963922,275,jp@gc - Dummy Sampler,200,OK,线程组 1-7,text,true,,114,0,10,10,31,0,4
1510281963864,342,jp@gc - Dummy Sampler,200,OK,线程组 1-10,text,true,,114,0,10,10,23,0,5
1510281964011,199,jp@gc - Dummy Sampler,200,OK,线程组 1-4,text,true,,114,0,10,10,29,0,3
1510281963727,496,jp@gc - Dummy Sampler,200,OK,线程组 1-3,text,true,,114,0,10,10,15,0,3
1510281963901,387,jp@gc - Dummy Sampler,200,OK,线程组 1-1,text,true,,114,0,10,10,35,0,3
1510281963842,452,jp@gc - Dummy Sampler,200,OK,线程组 1-5,text,true,,114,0,10,10,50,0,2
1510281963901,396,jp@gc - Dummy Sampler,200,OK,线程组 1-9,text,true,,114,0,10,10,18,0,4
1510281964127,196,jp@gc - Dummy Sampler,200,OK,线程组 1-2,text,true,,114,0,10,10,16,0,1
1510281964210,149,jp@gc - Dummy Sampler,200,OK,线程组 1-4,text,true,,114,0,10,10,35,0,4
1510281964065,349,jp@gc - Dummy Sampler,200,OK,线程组 1-6,text,true,,114,0,10,10,7,0,1
1510281964036,409,jp@gc - Dummy Sampler,200,OK,线程组 1-8,text,true,,114,0,10,10,23,0,4
1510281964197,267,jp@gc - Dummy Sampler,200,OK,线程组 1-7,text,true,,114,0,10,10,40,0,4
1510281964464,67,jp@gc - Dummy Sampler,200,OK,线程组 1-7,text,true,,114,0,10,10,43,0,1
1510281964294,311,jp@gc - Dummy Sampler,200,OK,线程组 1-5,text,true,,114,0,10,10,22,0,3
1510281964359,275,jp@gc - Dummy Sampler,200,OK,线程组 1-4,text,true,,114,0,10,10,43,0,2
1510281964223,445,jp@gc - Dummy Sampler,200,OK,线程组 1-3,text,true,,114,0,10,10,15,0,4
1510281964206,475,jp@gc - Dummy Sampler,200,OK,线程组 1-10,text,true,,114,0,10,10,38,0,5
1510281964297,394,jp@gc - Dummy Sampler,200,OK,线程组 1-9,text,true,,114,0,10,10,18,0,4
1510281964605,86,jp@gc - Dummy Sampler,200,OK,线程组 1-5,text,true,,114,0,10,10,1,0,1
1510281964288,432,jp@gc - Dummy Sampler,200,OK,线程组 1-1,text,true,,114,0,10,10,18,0,2
1510281964445,289,jp@gc - Dummy Sampler,200,OK,线程组 1-8,text,true,,114,0,10,10,32,0,4
1510281964681,112,jp@gc - Dummy Sampler,200,OK,线程组 1-10,text,true,,114,0,10,10,9,0,3
1510281964668,136,jp@gc - Dummy Sampler,200,OK,线程组 1-3,text,true,,114,0,10,10,34,0,2
1510281964323,492,jp@gc - Dummy Sampler,200,OK,线程组 1-2,text,true,,114,0,10,10,47,0,3
1510281964531,308,jp@gc - Dummy Sampler,200,OK,线程组 1-7,text,true,,114,0,10,10,48,0,1
1510281964414,472,jp@gc - Dummy Sampler,200,OK,线程组 1-6,text,true,,114,0,10,10,40,0,2
1510281964793,122,jp@gc - Dummy Sampler,200,OK,线程组 1-10,text,true,,114,0,10,10,45,0,3
1510281964691,245,jp@gc - Dummy Sampler,200,OK,线程组 1-9,text,true,,114,0,10,10,28,0,2
1510281964691,253,jp@gc - Dummy Sampler,200,OK,线程组 1-5,text,true,,114,0,10,10,23,0,4
1510281964839,147,jp@gc - Dummy Sampler,200,OK,线程组 1-7,text,true,,114,0,10,10,44,0,4
1510281964634,380,jp@gc - Dummy Sampler,200,OK,线程组 1-4,text,true,,114,0,10,10,16,0,2
1510281964936,116,jp@gc - Dummy Sampler,200,OK,线程组 1-9,text,true,,114,0,10,10,39,0,4
1510281964815,249,jp@gc - Dummy Sampler,200,OK,线程组 1-2,text,true,,114,0,10,10,34,0,1
1510281964720,351,jp@gc - Dummy Sampler,200,OK,线程组 1-1,text,true,,114,0,10,10,27,0,3
1510281964734,424,jp@gc - Dummy Sampler,200,OK,线程组 1-8,text,true,,114,0,10,10,18,0,2
1510281964915,274,jp@gc - Dummy Sampler,200,OK,线程组 1-10,text,true,,114,0,10,10,14,0,5
1510281964804,391,jp@gc - Dummy Sampler,200,OK,线程组 1-3,text,true,,114,0,10,10,6,0,5
1510281964886,340,jp@gc - Dummy Sampler,200,OK,线程组 1-6,text,true,,114,0,10,10,33,0,5
1510281965014,230,jp@gc - Dummy Sampler,200,OK,线程组 1-4,text,true,,114,0,10,10,41,0,3
1510281965195,53,jp@gc - Dummy Sampler,200,OK,线程组 1-3,text,true,,114,0,10,10,9,0,4
1510281964944,306,jp@gc - Dummy Sampler,200,OK,线程组 1-5,text,true,,114,0,10,10,20,0,5
1510281965052,219,jp@gc - Dummy Sampler,200,OK,线程组 1-9,text,true,,114,0,10,10,12,0,4
1510281965226,53,jp@gc - Dummy Sampler,200,OK,线程组 1-6,text,true,,114,0,10,10,49,0,4
1510281964986,312,jp@gc - Dummy Sampler,200,OK,线程组 1-7,text,true,,114,0,10,10,34,0,5
1510281965250,71,jp@gc - Dummy Sampler,200,OK,线程组 1-5,text,true,,114,0,10,10,41,0,4
1510281965064,308,jp@gc - Dummy Sampler,200,OK,线程组 1-2,text,true,,114,0,10,10,20,0,5
1510281965071,310,jp@gc - Dummy Sampler,200,OK,线程组 1-1,text,true,,114,0,10,10,17,0,2
1510281965244,145,jp@gc - Dummy Sampler,200,OK,线程组 1-4,text,true,,114,0,10,10,41,0,2
1510281965248,166,jp@gc - Dummy Sampler,200,OK,线程组 1-3,text,true,,114,0,10,10,17,0,5
1510281965189,251,jp@gc - Dummy Sampler,200,OK,线程组 1-10,text,true,,114,0,10,10,21,0,1
1510281965271,187,jp@gc - Dummy Sampler,200,OK,线程组 1-9,text,true,,114,0,10,10,40,0,3
1510281965372,105,jp@gc - Dummy Sampler,200,OK,线程组 1-2,text,true,,114,0,10,10,20,0,3
1510281965381,163,jp@gc - Dummy Sampler,200,OK,线程组 1-1,text,true,,114,0,10,10,12,0,4
1510281965158,412,jp@gc - Dummy Sampler,200,OK,线程组 1-8,text,true,,114,0,10,10,25,0,2
1510281965279,364,jp@gc - Dummy Sampler,200,OK,线程组 1-6,text,true,,114,0,10,10,34,0,3
1510281965298,360,jp@gc - Dummy Sampler,200,OK,线程组 1-7,text,true,,114,0,10,10,18,0,2
1510281965440,227,jp@gc - Dummy Sampler,200,OK,线程组 1-10,text,true,,114,0,10,10,45,0,2
1510281965321,348,jp@gc - Dummy Sampler,200,OK,线程组 1-5,text,true,,114,0,10,10,1,0,5
1510281965477,205,jp@gc - Dummy Sampler,200,OK,线程组 1-2,text,true,,114,0,10,10,29,0,4
1510281965658,71,jp@gc - Dummy Sampler,200,OK,线程组 1-7,text,true,,114,0,10,10,38,0,5
1510281965414,330,jp@gc - Dummy Sampler,200,OK,线程组 1-3,text,true,,114,0,10,10,4,0,5
1510281965458,315,jp@gc - Dummy Sampler,200,OK,线程组 1-9,text,true,,114,0,10,10,29,0,4
1510281965744,76,jp@gc - Dummy Sampler,200,OK,线程组 1-3,text,true,,114,0,10,10,14,0,2
1510281965668,194,jp@gc - Dummy Sampler,200,OK,线程组 1-10,text,true,,114,0,10,10,7,0,4
1510281965389,494,jp@gc - Dummy Sampler,200,OK,线程组 1-4,text,true,,114,0,10,10,26,0,2
1510281965570,321,jp@gc - Dummy Sampler,200,OK,线程组 1-8,text,true,,114,0,10,10,38,0,1
1510281965643,256,jp@gc - Dummy Sampler,200,OK,线程组 1-6,text,true,,114,0,10,10,37,0,4
1510281965683,246,jp@gc - Dummy Sampler,200,OK,线程组 1-2,text,true,,114,0,10,10,5,0,1
1510281965883,98,jp@gc - Dummy Sampler,200,OK,线程组 1-4,text,true,,114,0,10,10,4,0,4
1510281965544,452,jp@gc - Dummy Sampler,200,OK,线程组 1-1,text,true,,114,0,10,10,49,0,3
1510281965929,137,jp@gc - Dummy Sampler,200,OK,线程组 1-2,text,true,,114,0,10,10,10,0,2
1510281965821,265,jp@gc - Dummy Sampler,200,OK,线程组 1-3,text,true,,114,0,10,10,42,0,5
1510281965773,322,jp@gc - Dummy Sampler,200,OK,线程组 1-9,text,true,,114,0,10,10,2,0,1
1510281965669,465,jp@gc - Dummy Sampler,200,OK,线程组 1-5,text,true,,114,0,10,10,4,0,5
1510281965891,267,jp@gc - Dummy Sampler,200,OK,线程组 1-8,text,true,,114,0,10,10,26,0,1
1510281965729,429,jp@gc - Dummy Sampler,200,OK,线程组 1-7,text,true,,114,0,10,10,22,0,2
1510281965996,164,jp@gc - Dummy Sampler,200,OK,线程组 1-1,text,true,,114,0,10,10,41,0,3
1510281965862,335,jp@gc - Dummy Sampler,200,OK,线程组 1-10,text,true,,114,0,10,10,48,0,5
1510281966158,97,jp@gc - Dummy Sampler,200,OK,线程组 1-8,text,true,,114,0,10,10,41,0,4
1510281965981,330,jp@gc - Dummy Sampler,200,OK,线程组 1-4,text,true,,114,0,10,10,41,0,5
1510281966197,118,jp@gc - Dummy Sampler,200,OK,线程组 1-10,text,true,,114,0,10,10,3,0,3
1510281966095,238,jp@gc - Dummy Sampler,200,OK,线程组 1-9,text,true,,114,0,10,10,45,0,3
1510281966255,105,jp@gc - Dummy Sampler,200,OK,线程组 1-8,text,true,,114,0,10,10,18,0,2
1510281965899,462,jp@gc - Dummy Sampler,200,OK,线程组 1-6,text,true,,114,0,10,10,3,0,5
1510281966087,285,jp@gc - Dummy Sampler,200,OK,线程组 1-3,text,true,,114,0,10,10,37,0,4
1510281966372,53,jp@gc - Dummy Sampler,200,OK,线程组 1-3,text,true,,114,0,10,10,25,0,3
1510281966134,296,jp@gc - Dummy Sampler,200,OK,线程组 1-5,text,true,,114,0,10,10,5,0,2
1510281966160,293,jp@gc - Dummy Sampler,200,OK,线程组 1-1,text,true,,114,0,10,10,36,0,1
1510281966066,420,jp@gc - Dummy Sampler,200,OK,线程组 1-2,text,true,,114,0,10,10,31,0,4
1510281966333,193,jp@gc - Dummy Sampler,200,OK,线程组 1-9,text,true,,114,0,10,10,9,0,3
1510281966526,78,jp@gc - Dummy Sampler,200,OK,线程组 1-9,text,true,,114,0,10,10,7,0,3
1510281966158,452,jp@gc - Dummy Sampler,200,OK,线程组 1-7,text,true,,114,0,10,10,7,0,5
1510281966425,235,jp@gc - Dummy Sampler,200,OK,线程组 1-3,text,true,,114,0,10,10,39,0,3
1510281966430,238,jp@gc - Dummy Sampler,200,OK,线程组 1-5,text,true,,114,0,10,10,47,0,1
1510281966360,328,jp@gc - Dummy Sampler,200,OK,线程组 1-8,text,true,,114,0,10,10,21,0,1
1510281966610,102,jp@gc - Dummy Sampler,200,OK,线程组 1-7,text,true,,114,0,10,10,29,0,5
1510281966361,354,jp@gc - Dummy Sampler,200,OK,线程组 1-6,text,true,,114,0,10,10,48,0,2
1510281966311,406,jp@gc - Dummy Sampler,200,OK,线程组 1-4,text,true,,114,0,10,10,34,0,4
1510281966315,476,jp@gc - Dummy Sampler,200,OK,线程组 1-10,text,true,,114,0,10,10,5,0,4
1510281966486,336,jp@gc - Dummy Sampler,200,OK,线程组 1-2,text,true,,114,0,10,10,46,0,3
1510281966712,116,jp@gc - Dummy Sampler,200,OK,线程组 1-7,text,true,,114,0,10,10,43,0,2
1510281966715,132,jp@gc - Dummy Sampler,200,OK,线程组 1-6,text,true,,114,0,10,10,29,0,1
1510281966453,441,jp@gc - Dummy Sampler,200,OK,线程组 1-1,text,true,,114,0,10,10,49,0,4
1510281966660,265,jp@gc - Dummy Sampler,200,OK,线程组 1-3,text,true,,114,0,10,10,3,0,5
1510281966688,243,jp@gc - Dummy Sampler,200,OK,线程组 1-8,text,true,,114,0,10,10,38,0,2
1510281966894,82,jp@gc - Dummy Sampler,200,OK,线程组 1-1,text,true,,114,0,10,10,48,0,1
1510281966668,310,jp@gc - Dummy Sampler,200,OK,线程组 1-5,text,true,,114,0,10,10,32,0,3
1510281966791,196,jp@gc - Dummy Sampler,200,OK,线程组 1-10,text,true,,114,0,10,10,38,0,3
1510281966604,421,jp@gc - Dummy Sampler,200,OK,线程组 1-9,text,true,,114,0,10,10,33,0,5
1510281966925,113,jp@gc - Dummy Sampler,200,OK,线程组 1-3,text,true,,114,0,10,10,2,0,4
1510281966822,228,jp@gc - Dummy Sampler,200,OK,线程组 1-2,text,true,,114,0,10,10,42,0,5
1510281966717,406,jp@gc - Dummy Sampler,200,OK,线程组 1-4,text,true,,114,0,10,10,31,0,5
1510281967050,94,jp@gc - Dummy Sampler,200,OK,线程组 1-2,text,true,,114,0,10,10,20,0,4
1510281966828,345,jp@gc - Dummy Sampler,200,OK,线程组 1-7,text,true,,114,0,10,10,31,0,3
1510281966987,200,jp@gc - Dummy Sampler,200,OK,线程组 1-10,text,true,,114,0,10,10,7,0,4
1510281966976,212,jp@gc - Dummy Sampler,200,OK,线程组 1-1,text,true,,114,0,10,10,43,0,4
1510281966931,266,jp@gc - Dummy Sampler,200,OK,线程组 1-8,text,true,,114,0,10,10,19,0,4
1510281967173,132,jp@gc - Dummy Sampler,200,OK,线程组 1-7,text,true,,114,0,10,10,7,0,1
1510281967197,133,jp@gc - Dummy Sampler,200,OK,线程组 1-8,text,true,,114,0,10,10,17,0,4
1510281967025,312,jp@gc - Dummy Sampler,200,OK,线程组 1-9,text,true,,114,0,10,10,39,0,3
1510281966847,491,jp@gc - Dummy Sampler,200,OK,线程组 1-6,text,true,,114,0,10,10,20,0,2
1510281967123,272,jp@gc - Dummy Sampler,200,OK,线程组 1-4,text,true,,114,0,10,10,27,0,4
1510281967337,89,jp@gc - Dummy Sampler,200,OK,线程组 1-9,text,true,,114,0,10,10,14,0,4
1510281967144,296,jp@gc - Dummy Sampler,200,OK,线程组 1-2,text,true,,114,0,10,10,24,0,1
1510281967038,409,jp@gc - Dummy Sampler,200,OK,线程组 1-3,text,true,,114,0,10,10,13,0,1
1510281966978,471,jp@gc - Dummy Sampler,200,OK,线程组 1-5,text,true,,114,0,10,10,28,0,5
1510281967188,321,jp@gc - Dummy Sampler,200,OK,线程组 1-1,text,true,,114,0,10,10,43,0,3
1510281967447,83,jp@gc - Dummy Sampler,200,OK,线程组 1-3,text,true,,114,0,10,10,23,0,5
1510281967395,139,jp@gc - Dummy Sampler,200,OK,线程组 1-4,text,true,,114,0,10,10,39,0,2
1510281967534,74,jp@gc - Dummy Sampler,200,OK,线程组 1-4,text,true,,114,0,10,10,28,0,3
1510281967449,162,jp@gc - Dummy Sampler,200,OK,线程组 1-5,text,true,,114,0,10,10,43,0,4
1510281967426,191,jp@gc - Dummy Sampler,200,OK,线程组 1-9,text,true,,114,0,10,10,19,0,3
1510281967305,320,jp@gc - Dummy Sampler,200,OK,线程组 1-7,text,true,,114,0,10,10,3,0,1
1510281967187,464,jp@gc - Dummy Sampler,200,OK,线程组 1-10,text,true,,114,0,10,10,44,0,4
1510281967330,358,jp@gc - Dummy Sampler,200,OK,线程组 1-8,text,true,,114,0,10,10,1,0,2
1510281967440,288,jp@gc - Dummy Sampler,200,OK,线程组 1-2,text,true,,114,0,10,10,44,0,3
1510281967608,143,jp@gc - Dummy Sampler,200,OK,线程组 1-4,text,true,,114,0,10,10,31,0,1
1510281967338,449,jp@gc - Dummy Sampler,200,OK,线程组 1-6,text,true,,114,0,10,10,11,0,4
1510281967509,288,jp@gc - Dummy Sampler,200,OK,线程组 1-1,text,true,,114,0,10,10,47,0,1
1510281967728,122,jp@gc - Dummy Sampler,200,OK,线程组 1-2,text,true,,114,0,10,10,1,0,2
1510281967530,330,jp@gc - Dummy Sampler,200,OK,线程组 1-3,text,true,,114,0,10,10,34,0,5
1510281967688,230,jp@gc - Dummy Sampler,200,OK,线程组 1-8,text,true,,114,0,10,10,15,0,1
1510281967651,272,jp@gc - Dummy Sampler,200,OK,线程组 1-10,text,true,,114,0,10,10,39,0,1
1510281967611,363,jp@gc - Dummy Sampler,200,OK,线程组 1-5,text,true,,114,0,10,10,4,0,2
1510281967625,373,jp@gc - Dummy Sampler,200,OK,线程组 1-7,text,true,,114,0,10,10,8,0,5
1510281967918,146,jp@gc - Dummy Sampler,200,OK,线程组 1-8,text,true,,114,0,10,10,13,0,1
1510281967617,476,jp@gc - Dummy Sampler,200,OK,线程组 1-9,text,true,,114,0,10,10,16,0,3
1510281967923,177,jp@gc - Dummy Sampler,200,OK,线程组 1-10,text,true,,114,0,10,10,14,0,5
1510281967998,111,jp@gc - Dummy Sampler,200,OK,线程组 1-7,text,true,,114,0,10,10,2,0,2
1510281967751,386,jp@gc - Dummy Sampler,200,OK,线程组 1-4,text,true,,114,0,10,10,30,0,4
1510281967787,359,jp@gc - Dummy Sampler,200,OK,线程组 1-6,text,true,,114,0,10,10,3,0,2
1510281967860,384,jp@gc - Dummy Sampler,200,OK,线程组 1-3,text,true,,114,0,10,10,31,0,3
1510281967850,400,jp@gc - Dummy Sampler,200,OK,线程组 1-2,text,true,,114,0,10,10,33,0,3
1510281967974,304,jp@gc - Dummy Sampler,200,OK,线程组 1-5,text,true,,114,0,10,10,2,0,4
1510281967797,488,jp@gc - Dummy Sampler,200,OK,线程组 1-1,text,true,,114,0,10,10,12,0,4
1510281968278,60,jp@gc - Dummy Sampler,200,OK,线程组 1-5,text,true,,114,0,10,10,48,0,5
1510281968064,303,jp@gc - Dummy Sampler,200,OK,线程组 1-8,text,true,,114,0,10,10,48,0,2
1510281968244,225,jp@gc - Dummy Sampler,200,OK,线程组 1-3,text,true,,114,0,10,10,39,0,4
1510281968109,366,jp@gc - Dummy Sampler,200,OK,线程组 1-7,text,true,,114,0,10,10,45,0,4
1510281968093,425,jp@gc - Dummy Sampler,200,OK,线程组 1-9,text,true,,114,0,10,10,50,0,5
1510281968100,462,jp@gc - Dummy Sampler,200,OK,线程组 1-10,text,true,,114,0,10,10,38,0,2
1510281968146,421,jp@gc - Dummy Sampler,200,OK,线程组 1-6,text,true,,114,0,10,10,21,0,2
1510281968137,466,jp@gc - Dummy Sampler,200,OK,线程组 1-4,text,true,,114,0,10,10,30,0,2
1510281968518,88,jp@gc - Dummy Sampler,200,OK,线程组 1-9,text,true,,114,0,10,10,18,0,2
1510281968250,364,jp@gc - Dummy Sampler,200,OK,线程组 1-2,text,true,,114,0,10,10,40,0,2
1510281968285,355,jp@gc - Dummy Sampler,200,OK,线程组 1-1,text,true,,114,0,10,10,8,0,3
1510281968338,320,jp@gc - Dummy Sampler,200,OK,线程组 1-5,text,true,,114,0,10,10,28,0,5
1510281968469,189,jp@gc - Dummy Sampler,200,OK,线程组 1-3,text,true,,114,0,10,10,27,0,2
1510281968475,244,jp@gc - Dummy Sampler,200,OK,线程组 1-7,text,true,,114,0,10,10,8,0,2
1510281968367,359,jp@gc - Dummy Sampler,200,OK,线程组 1-8,text,true,,114,0,10,10,33,0,5
1510281968658,78,jp@gc - Dummy Sampler,200,OK,线程组 1-5,text,true,,114,0,10,10,36,0,1
1510281968562,180,jp@gc - Dummy Sampler,200,OK,线程组 1-10,text,true,,114,0,10,10,12,0,5
1510281968567,259,jp@gc - Dummy Sampler,200,OK,线程组 1-6,text,true,,114,0,10,10,19,0,3
1510281968614,231,jp@gc - Dummy Sampler,200,OK,线程组 1-2,text,true,,114,0,10,10,28,0,3
1510281968640,236,jp@gc - Dummy Sampler,200,OK,线程组 1-1,text,true,,114,0,10,10,28,0,5
1510281968603,275,jp@gc - Dummy Sampler,200,OK,线程组 1-4,text,true,,114,0,10,10,2,0,3
1510281968736,180,jp@gc - Dummy Sampler,200,OK,线程组 1-5,text,true,,114,0,10,10,23,0,2
1510281968726,210,jp@gc - Dummy Sampler,200,OK,线程组 1-8,text,true,,114,0,10,10,27,0,3
1510281968658,323,jp@gc - Dummy Sampler,200,OK,线程组 1-3,text,true,,114,0,10,10,40,0,2
1510281968876,140,jp@gc - Dummy Sampler,200,OK,线程组 1-1,text,true,,114,0,10,10,19,0,3
1510281968606,414,jp@gc - Dummy Sampler,200,OK,线程组 1-9,text,true,,114,0,10,10,9,0,2
1510281968742,306,jp@gc - Dummy Sampler,200,OK,线程组 1-10,text,true,,114,0,10,10,36,0,3
1510281968878,213,jp@gc - Dummy Sampler,200,OK,线程组 1-4,text,true,,114,0,10,10,33,0,3
1510281969048,116,jp@gc - Dummy Sampler,200,OK,线程组 1-10,text,true,,114,0,10,10,48,0,1
1510281968826,388,jp@gc - Dummy Sampler,200,OK,线程组 1-6,text,true,,114,0,10,10,39,0,1
1510281968719,499,jp@gc - Dummy Sampler,200,OK,线程组 1-7,text,true,,114,0,10,10,1,0,2
1510281968916,334,jp@gc - Dummy Sampler,200,OK,线程组 1-5,text,true,,114,0,10,10,23,0,5
1510281969020,246,jp@gc - Dummy Sampler,200,OK,线程组 1-9,text,true,,114,0,10,10,10,0,2
1510281968845,431,jp@gc - Dummy Sampler,200,OK,线程组 1-2,text,true,,114,0,10,10,28,0,1
1510281969091,238,jp@gc - Dummy Sampler,200,OK,线程组 1-4,text,true,,114,0,10,10,1,0,5
1510281969164,198,jp@gc - Dummy Sampler,200,OK,线程组 1-10,text,true,,114,0,10,10,48,0,5
1510281968936,443,jp@gc - Dummy Sampler,200,OK,线程组 1-8,text,true,,114,0,10,10,16,0,3
1510281968981,420,jp@gc - Dummy Sampler,200,OK,线程组 1-3,text,true,,114,0,10,10,34,0,1
1510281969016,386,jp@gc - Dummy Sampler,200,OK,线程组 1-1,text,true,,114,0,10,10,42,0,1
1510281969266,143,jp@gc - Dummy Sampler,200,OK,线程组 1-9,text,true,,114,0,10,10,15,0,5
1510281969276,151,jp@gc - Dummy Sampler,200,OK,线程组 1-2,text,true,,114,0,10,10,27,0,2
1510281969427,56,jp@gc - Dummy Sampler,200,OK,线程组 1-2,text,true,,114,0,10,10,9,0,1
1510281969214,304,jp@gc - Dummy Sampler,200,OK,线程组 1-6,text,true,,114,0,10,10,13,0,4
1510281969402,153,jp@gc - Dummy Sampler,200,OK,线程组 1-1,text,true,,114,0,10,10,7,0,2
1510281969250,370,jp@gc - Dummy Sampler,200,OK,线程组 1-5,text,true,,114,0,10,10,24,0,5
1510281969379,268,jp@gc - Dummy Sampler,200,OK,线程组 1-8,text,true,,114,0,10,10,14,0,2
1510281969218,465,jp@gc - Dummy Sampler,200,OK,线程组 1-7,text,true,,114,0,10,10,18,0,1
1510281969401,291,jp@gc - Dummy Sampler,200,OK,线程组 1-3,text,true,,114,0,10,10,8,0,1
1510281969620,77,jp@gc - Dummy Sampler,200,OK,线程组 1-5,text,true,,114,0,10,10,27,0,1
1510281969329,373,jp@gc - Dummy Sampler,200,OK,线程组 1-4,text,true,,114,0,10,10,22,0,4
1510281969362,386,jp@gc - Dummy Sampler,200,OK,线程组 1-10,text,true,,114,0,10,10,18,0,1
1510281969697,77,jp@gc - Dummy Sampler,200,OK,线程组 1-5,text,true,,114,0,10,10,10,0,5
1510281969519,322,jp@gc - Dummy Sampler,200,OK,线程组 1-6,text,true,,114,0,10,10,7,0,3
1510281969409,436,jp@gc - Dummy Sampler,200,OK,线程组 1-9,text,true,,114,0,10,10,48,0,5
1510281969692,213,jp@gc - Dummy Sampler,200,OK,线程组 1-3,text,true,,114,0,10,10,44,0,3
1510281969748,190,jp@gc - Dummy Sampler,200,OK,线程组 1-10,text,true,,114,0,10,10,35,0,3
1510281969483,477,jp@gc - Dummy Sampler,200,OK,线程组 1-2,text,true,,114,0,10,10,2,0,3
1510281969845,141,jp@gc - Dummy Sampler,200,OK,线程组 1-9,text,true,,114,0,10,10,33,0,4
1510281969683,308,jp@gc - Dummy Sampler,200,OK,线程组 1-7,text,true,,114,0,10,10,22,0,5
1510281969555,470,jp@gc - Dummy Sampler,200,OK,线程组 1-1,text,true,,114,0,10,10,17,0,3
1510281969905,141,jp@gc - Dummy Sampler,200,OK,线程组 1-3,text,true,,114,0,10,10,15,0,5
1510281969702,355,jp@gc - Dummy Sampler,200,OK,线程组 1-4,text,true,,114,0,10,10,29,0,2
1510281969647,492,jp@gc - Dummy Sampler,200,OK,线程组 1-8,text,true,,114,0,10,10,11,0,1
1510281969960,184,jp@gc - Dummy Sampler,200,OK,线程组 1-2,text,true,,114,0,10,10,33,0,4
1510281969774,445,jp@gc - Dummy Sampler,200,OK,线程组 1-5,text,true,,114,0,10,10,18,0,4
1510281969938,297,jp@gc - Dummy Sampler,200,OK,线程组 1-10,text,true,,114,0,10,10,39,0,3
1510281970057,190,jp@gc - Dummy Sampler,200,OK,线程组 1-4,text,true,,114,0,10,10,4,0,3
1510281969991,282,jp@gc - Dummy Sampler,200,OK,线程组 1-7,text,true,,114,0,10,10,49,0,5
1510281970139,135,jp@gc - Dummy Sampler,200,OK,线程组 1-8,text,true,,114,0,10,10,26,0,5
1510281970219,63,jp@gc - Dummy Sampler,200,OK,线程组 1-5,text,true,,114,0,10,10,12,0,4
1510281970046,259,jp@gc - Dummy Sampler,200,OK,线程组 1-3,text,true,,114,0,10,10,50,0,5
1510281970025,293,jp@gc - Dummy Sampler,200,OK,线程组 1-1,text,true,,114,0,10,10,41,0,3
1510281969841,484,jp@gc - Dummy Sampler,200,OK,线程组 1-6,text,true,,114,0,10,10,16,0,5
1510281969986,360,jp@gc - Dummy Sampler,200,OK,线程组 1-9,text,true,,114,0,10,10,15,0,5
1510281970235,126,jp@gc - Dummy Sampler,200,OK,线程组 1-10,text,true,,114,0,10,10,7,0,1
1510281970325,87,jp@gc - Dummy Sampler,200,OK,线程组 1-6,text,true,,114,0,10,10,23,0,5
1510281970247,232,jp@gc - Dummy Sampler,200,OK,线程组 1-4,text,true,,114,0,10,10,45,0,3
1510281970144,356,jp@gc - Dummy Sampler,200,OK,线程组 1-2,text,true,,114,0,10,10,19,0,5
1510281970274,236,jp@gc - Dummy Sampler,200,OK,线程组 1-8,text,true,,114,0,10,10,18,0,3
1510281970282,235,jp@gc - Dummy Sampler,200,OK,线程组 1-5,text,true,,114,0,10,10,20,0,1
1510281970500,89,jp@gc - Dummy Sampler,200,OK,线程组 1-2,text,true,,114,0,10,10,23,0,5
1510281970346,254,jp@gc - Dummy Sampler,200,OK,线程组 1-9,text,true,,114,0,10,10,49,0,3
1510281970412,218,jp@gc - Dummy Sampler,200,OK,线程组 1-6,text,true,,114,0,10,10,14,0,4
1510281970318,324,jp@gc - Dummy Sampler,200,OK,线程组 1-1,text,true,,114,0,10,10,39,0,4
1510281970630,75,jp@gc - Dummy Sampler,200,OK,线程组 1-6,text,true,,114,0,10,10,6,0,1
1510281970273,449,jp@gc - Dummy Sampler,200,OK,线程组 1-7,text,true,,114,0,10,10,18,0,5
1510281970510,220,jp@gc - Dummy Sampler,200,OK,线程组 1-8,text,true,,114,0,10,10,48,0,2
1510281970361,382,jp@gc - Dummy Sampler,200,OK,线程组 1-10,text,true,,114,0,10,10,22,0,1
1510281970600,171,jp@gc - Dummy Sampler,200,OK,线程组 1-9,text,true,,114,0,10,10,40,0,1
1510281970589,192,jp@gc - Dummy Sampler,200,OK,线程组 1-2,text,true,,114,0,10,10,48,0,1
1510281970305,489,jp@gc - Dummy Sampler,200,OK,线程组 1-3,text,true,,114,0,10,10,37,0,4
1510281970743,77,jp@gc - Dummy Sampler,200,OK,线程组 1-10,text,true,,114,0,10,10,42,0,1
1510281970479,377,jp@gc - Dummy Sampler,200,OK,线程组 1-4,text,true,,114,0,10,10,24,0,4
1510281970517,366,jp@gc - Dummy Sampler,200,OK,线程组 1-5,text,true,,114,0,10,10,20,0,2
1510281970794,91,jp@gc - Dummy Sampler,200,OK,线程组 1-3,text,true,,114,0,10,10,37,0,5
1510281970722,215,jp@gc - Dummy Sampler,200,OK,线程组 1-7,text,true,,114,0,10,10,48,0,4
1510281970781,160,jp@gc - Dummy Sampler,200,OK,线程组 1-2,text,true,,114,0,10,10,47,0,2
1510281970885,108,jp@gc - Dummy Sampler,200,OK,线程组 1-3,text,true,,114,0,10,10,41,0,2
1510281970642,356,jp@gc - Dummy Sampler,200,OK,线程组 1-1,text,true,,114,0,10,10,19,0,3
1510281970705,342,jp@gc - Dummy Sampler,200,OK,线程组 1-6,text,true,,114,0,10,10,29,0,3
1510281970856,210,jp@gc - Dummy Sampler,200,OK,线程组 1-4,text,true,,114,0,10,10,1,0,5
1510281970993,97,jp@gc - Dummy Sampler,200,OK,线程组 1-3,text,true,,114,0,10,10,48,0,2
1510281970730,372,jp@gc - Dummy Sampler,200,OK,线程组 1-8,text,true,,114,0,10,10,2,0,5
1510281970941,213,jp@gc - Dummy Sampler,200,OK,线程组 1-2,text,true,,114,0,10,10,38,0,5
1510281970883,312,jp@gc - Dummy Sampler,200,OK,线程组 1-5,text,true,,114,0,10,10,36,0,5
1510281970771,434,jp@gc - Dummy Sampler,200,OK,线程组 1-9,text,true,,114,0,10,10,50,0,1
1510281970820,387,jp@gc - Dummy Sampler,200,OK,线程组 1-10,text,true,,114,0,10,10,12,0,2
1510281970937,299,jp@gc - Dummy Sampler,200,OK,线程组 1-7,text,true,,114,0,10,10,4,0,2
1510281970998,260,jp@gc - Dummy Sampler,200,OK,线程组 1-1,text,true,,114,0,10,10,28,0,2
1510281971154,111,jp@gc - Dummy Sampler,200,OK,线程组 1-2,text,true,,114,0,10,10,30,0,3
1510281971066,223,jp@gc - Dummy Sampler,200,OK,线程组 1-4,text,true,,114,0,10,10,6,0,1
1510281971102,213,jp@gc - Dummy Sampler,200,OK,线程组 1-8,text,true,,114,0,10,10,5,0,5
1510281971047,280,jp@gc - Dummy Sampler,200,OK,线程组 1-6,text,true,,114,0,10,10,20,0,3
1510281971205,145,jp@gc - Dummy Sampler,200,OK,线程组 1-9,text,true,,114,0,10,10,17,0,2
1510281971258,106,jp@gc - Dummy Sampler,200,OK,线程组 1-1,text,true,,114,0,10,10,24,0,5
1510281971236,202,jp@gc - Dummy Sampler,200,OK,线程组 1-7,text,true,,114,0,10,10,1,0,4
1510281971195,249,jp@gc - Dummy Sampler,200,OK,线程组 1-5,text,true,,114,0,10,10,21,0,3
1510281971265,182,jp@gc - Dummy Sampler,200,OK,线程组 1-2,text,true,,114,0,10,10,35,0,4
1510281971315,149,jp@gc - Dummy Sampler,200,OK,线程组 1-8,text,true,,114,0,10,10,12,0,5
1510281971289,178,jp@gc - Dummy Sampler,200,OK,线程组 1-4,text,true,,114,0,10,10,18,0,2
1510281971447,54,jp@gc - Dummy Sampler,200,OK,线程组 1-2,text,true,,114,0,10,10,26,0,3
1510281971207,317,jp@gc - Dummy Sampler,200,OK,线程组 1-10,text,true,,114,0,10,10,34,0,2
1510281971438,125,jp@gc - Dummy Sampler,200,OK,线程组 1-7,text,true,,114,0,10,10,16,0,5
1510281971090,478,jp@gc - Dummy Sampler,200,OK,线程组 1-3,text,true,,114,0,10,10,45,0,1
1510281971524,82,jp@gc - Dummy Sampler,200,OK,线程组 1-10,text,true,,114,0,10,10,40,0,5
1510281971327,280,jp@gc - Dummy Sampler,200,OK,线程组 1-6,text,true,,114,0,10,10,40,0,1
1510281971350,258,jp@gc - Dummy Sampler,200,OK,线程组 1-9,text,true,,114,0,10,10,34,0,3
1510281971464,145,jp@gc - Dummy Sampler,200,OK,线程组 1-8,text,true,,114,0,10,10,37,0,4
1510281971444,214,jp@gc - Dummy Sampler,200,OK,线程组 1-5,text,true,,114,0,10,10,12,0,3
1510281971467,199,jp@gc - Dummy Sampler,200,OK,线程组 1-4,text,true,,114,0,10,10,21,0,2
1510281971501,171,jp@gc - Dummy Sampler,200,OK,线程组 1-2,text,true,,114,0,10,10,16,0,2
1510281971658,71,jp@gc - Dummy Sampler,200,OK,线程组 1-5,text,true,,114,0,10,10,23,0,2
1510281971609,133,jp@gc - Dummy Sampler,200,OK,线程组 1-8,text,true,,114,0,10,10,40,0,4
1510281971364,382,jp@gc - Dummy Sampler,200,OK,线程组 1-1,text,true,,114,0,10,10,19,0,3
1510281971672,121,jp@gc - Dummy Sampler,200,OK,线程组 1-2,text,true,,114,0,10,10,33,0,4
1510281971608,222,jp@gc - Dummy Sampler,200,OK,线程组 1-9,text,true,,114,0,10,10,49,0,3
1510281971746,112,jp@gc - Dummy Sampler,200,OK,线程组 1-1,text,true,,114,0,10,10,28,0,1
1510281971793,94,jp@gc - Dummy Sampler,200,OK,线程组 1-2,text,true,,114,0,10,10,40,0,3
1510281971563,354,jp@gc - Dummy Sampler,200,OK,线程组 1-7,text,true,,114,0,10,10,41,0,3
1510281971606,358,jp@gc - Dummy Sampler,200,OK,线程组 1-10,text,true,,114,0,10,10,49,0,5
1510281971568,408,jp@gc - Dummy Sampler,200,OK,线程组 1-3,text,true,,114,0,10,10,39,0,2
1510281971976,54,jp@gc - Dummy Sampler,200,OK,线程组 1-3,text,true,,114,0,10,10,36,0,1
1510281971858,213,jp@gc - Dummy Sampler,200,OK,线程组 1-1,text,true,,114,0,10,10,16,0,1
1510281971607,466,jp@gc - Dummy Sampler,200,OK,线程组 1-6,text,true,,114,0,10,10,27,0,5
1510281971666,441,jp@gc - Dummy Sampler,200,OK,线程组 1-4,text,true,,114,0,10,10,24,0,5
1510281971887,221,jp@gc - Dummy Sampler,200,OK,线程组 1-2,text,true,,114,0,10,10,38,0,4
1510281971729,398,jp@gc - Dummy Sampler,200,OK,线程组 1-5,text,true,,114,0,10,10,11,0,4
1510281971742,407,jp@gc - Dummy Sampler,200,OK,线程组 1-8,text,true,,114,0,10,10,24,0,5
1510281971917,278,jp@gc - Dummy Sampler,200,OK,线程组 1-7,text,true,,114,0,10,10,11,0,4
1510281972149,148,jp@gc - Dummy Sampler,200,OK,线程组 1-8,text,true,,114,0,10,10,6,0,4
1510281971830,483,jp@gc - Dummy Sampler,200,OK,线程组 1-9,text,true,,114,0,10,10,41,0,4
1510281971964,389,jp@gc - Dummy Sampler,200,OK,线程组 1-10,text,true,,114,0,10,10,14,0,5
1510281972127,236,jp@gc - Dummy Sampler,200,OK,线程组 1-5,text,true,,114,0,10,10,41,0,3
1510281972071,296,jp@gc - Dummy Sampler,200,OK,线程组 1-1,text,true,,114,0,10,10,3,0,4
1510281972297,117,jp@gc - Dummy Sampler,200,OK,线程组 1-8,text,true,,114,0,10,10,28,0,4
1510281972030,454,jp@gc - Dummy Sampler,200,OK,线程组 1-3,text,true,,114,0,10,10,27,0,5
1510281972073,416,jp@gc - Dummy Sampler,200,OK,线程组 1-6,text,true,,114,0,10,10,26,0,3
1510281972108,383,jp@gc - Dummy Sampler,200,OK,线程组 1-2,text,true,,114,0,10,10,48,0,5
1510281972107,421,jp@gc - Dummy Sampler,200,OK,线程组 1-4,text,true,,114,0,10,10,12,0,3
1510281972367,183,jp@gc - Dummy Sampler,200,OK,线程组 1-1,text,true,,114,0,10,10,9,0,1
1510281972489,79,jp@gc - Dummy Sampler,200,OK,线程组 1-6,text,true,,114,0,10,10,35,0,5
1510281972195,384,jp@gc - Dummy Sampler,200,OK,线程组 1-7,text,true,,114,0,10,10,41,0,1
1510281972579,112,jp@gc - Dummy Sampler,200,OK,线程组 1-7,text,true,,114,0,10,10,14,0,5
1510281972313,389,jp@gc - Dummy Sampler,200,OK,线程组 1-9,text,true,,114,0,10,10,27,0,1
1510281972363,342,jp@gc - Dummy Sampler,200,OK,线程组 1-5,text,true,,114,0,10,10,34,0,1
1510281972550,169,jp@gc - Dummy Sampler,200,OK,线程组 1-1,text,true,,114,0,10,10,8,0,4
1510281972353,396,jp@gc - Dummy Sampler,200,OK,线程组 1-10,text,true,,114,0,10,10,23,0,5
1510281972491,310,jp@gc - Dummy Sampler,200,OK,线程组 1-2,text,true,,114,0,10,10,7,0,2
1510281972719,103,jp@gc - Dummy Sampler,200,OK,线程组 1-1,text,true,,114,0,10,10,9,0,4
1510281972568,267,jp@gc - Dummy Sampler,200,OK,线程组 1-6,text,true,,114,0,10,10,47,0,2
1510281972801,52,jp@gc - Dummy Sampler,200,OK,线程组 1-2,text,true,,114,0,10,10,14,0,1
1510281972414,444,jp@gc - Dummy Sampler,200,OK,线程组 1-8,text,true,,114,0,10,10,46,0,5
1510281972749,134,jp@gc - Dummy Sampler,200,OK,线程组 1-10,text,true,,114,0,10,10,35,0,1
1510281972484,405,jp@gc - Dummy Sampler,200,OK,线程组 1-3,text,true,,114,0,10,10,48,0,4
1510281972702,274,jp@gc - Dummy Sampler,200,OK,线程组 1-9,text,true,,114,0,10,10,49,0,3
1510281972822,187,jp@gc - Dummy Sampler,200,OK,线程组 1-1,text,true,,114,0,10,10,11,0,5
1510281972528,486,jp@gc - Dummy Sampler,200,OK,线程组 1-4,text,true,,114,0,10,10,44,0,1
1510281972705,326,jp@gc - Dummy Sampler,200,OK,线程组 1-5,text,true,,114,0,10,10,8,0,3
1510281972691,367,jp@gc - Dummy Sampler,200,OK,线程组 1-7,text,true,,114,0,10,10,29,0,2
1510281973014,72,jp@gc - Dummy Sampler,200,OK,线程组 1-4,text,true,,114,0,10,10,11,0,4
1510281972835,303,jp@gc - Dummy Sampler,200,OK,线程组 1-6,text,true,,114,0,10,10,5,0,3
1510281972976,192,jp@gc - Dummy Sampler,200,OK,线程组 1-9,text,true,,114,0,10,10,38,0,5
1510281972883,285,jp@gc - Dummy Sampler,200,OK,线程组 1-10,text,true,,114,0,10,10,24,0,5
1510281972853,416,jp@gc - Dummy Sampler,200,OK,线程组 1-2,text,true,,114,0,10,10,6,0,5
1510281972858,411,jp@gc - Dummy Sampler,200,OK,线程组 1-8,text,true,,114,0,10,10,16,0,1
1510281973086,183,jp@gc - Dummy Sampler,200,OK,线程组 1-4,text,true,,114,0,10,10,40,0,3
1510281972889,394,jp@gc - Dummy Sampler,200,OK,线程组 1-3,text,true,,114,0,10,10,42,0,3
1510281973138,190,jp@gc - Dummy Sampler,200,OK,线程组 1-6,text,true,,114,0,10,10,12,0,1
1510281973058,377,jp@gc - Dummy Sampler,200,OK,线程组 1-7,text,true,,114,0,10,10,41,0,3
1510281973009,434,jp@gc - Dummy Sampler,200,OK,线程组 1-1,text,true,,114,0,10,10,30,0,5
1510281973031,432,jp@gc - Dummy Sampler,200,OK,线程组 1-5,text,true,,114,0,10,10,15,0,4
1510281973269,207,jp@gc - Dummy Sampler,200,OK,线程组 1-2,text,true,,114,0,10,10,13,0,3
1510281973328,185,jp@gc - Dummy Sampler,200,OK,线程组 1-6,text,true,,114,0,10,10,38,0,3
1510281973269,297,jp@gc - Dummy Sampler,200,OK,线程组 1-8,text,true,,114,0,10,10,37,0,3
1510281973435,149,jp@gc - Dummy Sampler,200,OK,线程组 1-7,text,true,,114,0,10,10,3,0,1
1510281973283,316,jp@gc - Dummy Sampler,200,OK,线程组 1-3,text,true,,114,0,10,10,13,0,4
1510281973168,473,jp@gc - Dummy Sampler,200,OK,线程组 1-10,text,true,,114,0,10,10,10,0,2
1510281973168,482,jp@gc - Dummy Sampler,200,OK,线程组 1-9,text,true,,114,0,10,10,16,0,4
1510281973641,98,jp@gc - Dummy Sampler,200,OK,线程组 1-10,text,true,,114,0,10,10,23,0,1
1510281973269,477,jp@gc - Dummy Sampler,200,OK,线程组 1-4,text,true,,114,0,10,10,3,0,2
1510281973476,278,jp@gc - Dummy Sampler,200,OK,线程组 1-2,text,true,,114,0,10,10,48,0,3
1510281973599,193,jp@gc - Dummy Sampler,200,OK,线程组 1-3,text,true,,114,0,10,10,6,0,1
1510281973513,298,jp@gc - Dummy Sampler,200,OK,线程组 1-6,text,true,,114,0,10,10,4,0,1
1510281973739,95,jp@gc - Dummy Sampler,200,OK,线程组 1-10,text,true,,114,0,10,10,10,0,2
1510281973746,117,jp@gc - Dummy Sampler,200,OK,线程组 1-4,text,true,,114,0,10,10,9,0,3
1510281973754,113,jp@gc - Dummy Sampler,200,OK,线程组 1-2,text,true,,114,0,10,10,36,0,4
1510281973566,325,jp@gc - Dummy Sampler,200,OK,线程组 1-8,text,true,,114,0,10,10,12,0,2
1510281973443,451,jp@gc - Dummy Sampler,200,OK,线程组 1-1,text,true,,114,0,10,10,48,0,3
1510281973650,278,jp@gc - Dummy Sampler,200,OK,线程组 1-9,text,true,,114,0,10,10,6,0,2
1510281973463,473,jp@gc - Dummy Sampler,200,OK,线程组 1-5,text,true,,114,0,10,10,33,0,2
1510281973834,140,jp@gc - Dummy Sampler,200,OK,线程组 1-10,text,true,,114,0,10,10,6,0,3
1510281973867,110,jp@gc - Dummy Sampler,200,OK,线程组 1-2,text,true,,114,0,10,10,32,0,2
1510281973584,448,jp@gc - Dummy Sampler,200,OK,线程组 1-7,text,true,,114,0,10,10,43,0,3
1510281973811,225,jp@gc - Dummy Sampler,200,OK,线程组 1-6,text,true,,114,0,10,10,49,0,5
1510281973928,192,jp@gc - Dummy Sampler,200,OK,线程组 1-9,text,true,,114,0,10,10,3,0,2
1510281973792,336,jp@gc - Dummy Sampler,200,OK,线程组 1-3,text,true,,114,0,10,10,35,0,5
1510281973974,182,jp@gc - Dummy Sampler,200,OK,线程组 1-10,text,true,,114,0,10,10,21,0,2
1510281974036,129,jp@gc - Dummy Sampler,200,OK,线程组 1-6,text,true,,114,0,10,10,26,0,4
1510281973936,264,jp@gc - Dummy Sampler,200,OK,线程组 1-5,text,true,,114,0,10,10,21,0,5
1510281974165,81,jp@gc - Dummy Sampler,200,OK,线程组 1-6,text,true,,114,0,10,10,26,0,3
1510281974156,92,jp@gc - Dummy Sampler,200,OK,线程组 1-10,text,true,,114,0,10,10,41,0,1
1510281974120,145,jp@gc - Dummy Sampler,200,OK,线程组 1-9,text,true,,114,0,10,10,32,0,2
1510281973894,384,jp@gc - Dummy Sampler,200,OK,线程组 1-1,text,true,,114,0,10,10,33,0,2
1510281974128,168,jp@gc - Dummy Sampler,200,OK,线程组 1-3,text,true,,114,0,10,10,41,0,1
1510281973891,422,jp@gc - Dummy Sampler,200,OK,线程组 1-8,text,true,,114,0,10,10,16,0,4
1510281973863,451,jp@gc - Dummy Sampler,200,OK,线程组 1-4,text,true,,114,0,10,10,6,0,3
1510281973977,381,jp@gc - Dummy Sampler,200,OK,线程组 1-2,text,true,,114,0,10,10,36,0,2
1510281974246,123,jp@gc - Dummy Sampler,200,OK,线程组 1-6,text,true,,114,0,10,10,13,0,4
1510281974265,161,jp@gc - Dummy Sampler,200,OK,线程组 1-9,text,true,,114,0,10,10,14,0,5
1510281974032,418,jp@gc - Dummy Sampler,200,OK,线程组 1-7,text,true,,114,0,10,10,37,0,2
1510281974358,148,jp@gc - Dummy Sampler,200,OK,线程组 1-2,text,true,,114,0,10,10,19,0,2
1510281974278,239,jp@gc - Dummy Sampler,200,OK,线程组 1-1,text,true,,114,0,10,10,28,0,1
1510281974248,276,jp@gc - Dummy Sampler,200,OK,线程组 1-10,text,true,,114,0,10,10,7,0,2
1510281974314,230,jp@gc - Dummy Sampler,200,OK,线程组 1-4,text,true,,114,0,10,10,23,0,4
1510281974313,237,jp@gc - Dummy Sampler,200,OK,线程组 1-8,text,true,,114,0,10,10,14,0,1
1510281974296,290,jp@gc - Dummy Sampler,200,OK,线程组 1-3,text,true,,114,0,10,10,36,0,4
1510281974524,70,jp@gc - Dummy Sampler,200,OK,线程组 1-10,text,true,,114,0,10,10,29,0,4
1510281974200,402,jp@gc - Dummy Sampler,200,OK,线程组 1-5,text,true,,114,0,10,10,40,0,3
1510281974426,195,jp@gc - Dummy Sampler,200,OK,线程组 1-9,text,true,,114,0,10,10,14,0,3
1510281974517,109,jp@gc - Dummy Sampler,200,OK,线程组 1-1,text,true,,114,0,10,10,32,0,1
1510281974550,98,jp@gc - Dummy Sampler,200,OK,线程组 1-8,text,true,,114,0,10,10,41,0,2
1510281974506,194,jp@gc - Dummy Sampler,200,OK,线程组 1-2,text,true,,114,0,10,10,24,0,1
1510281974450,294,jp@gc - Dummy Sampler,200,OK,线程组 1-7,text,true,,114,0,10,10,26,0,5
1510281974544,240,jp@gc - Dummy Sampler,200,OK,线程组 1-4,text,true,,114,0,10,10,42,0,3
1510281974594,197,jp@gc - Dummy Sampler,200,OK,线程组 1-10,text,true,,114,0,10,10,24,0,4
1510281974744,59,jp@gc - Dummy Sampler,200,OK,线程组 1-7,text,true,,114,0,10,10,41,0,1
1510281974602,209,jp@gc - Dummy Sampler,200,OK,线程组 1-5,text,true,,114,0,10,10,20,0,1
1510281974621,223,jp@gc - Dummy Sampler,200,OK,线程组 1-9,text,true,,114,0,10,10,6,0,1
1510281974369,486,jp@gc - Dummy Sampler,200,OK,线程组 1-6,text,true,,114,0,10,10,44,0,2
1510281974803,68,jp@gc - Dummy Sampler,200,OK,线程组 1-7,text,true,,114,0,10,10,39,0,4
1510281974855,54,jp@gc - Dummy Sampler,200,OK,线程组 1-6,text,true,,114,0,10,10,5,0,1
1510281974586,324,jp@gc - Dummy Sampler,200,OK,线程组 1-3,text,true,,114,0,10,10,25,0,3
1510281974648,326,jp@gc - Dummy Sampler,200,OK,线程组 1-8,text,true,,114,0,10,10,29,0,4
1510281974871,171,jp@gc - Dummy Sampler,200,OK,线程组 1-7,text,true,,114,0,10,10,30,0,5
1510281974974,119,jp@gc - Dummy Sampler,200,OK,线程组 1-8,text,true,,114,0,10,10,50,0,4
1510281974626,469,jp@gc - Dummy Sampler,200,OK,线程组 1-1,text,true,,114,0,10,10,17,0,1
1510281974811,301,jp@gc - Dummy Sampler,200,OK,线程组 1-5,text,true,,114,0,10,10,40,0,3
1510281974700,414,jp@gc - Dummy Sampler,200,OK,线程组 1-2,text,true,,114,0,10,10,26,0,3
1510281974909,238,jp@gc - Dummy Sampler,200,OK,线程组 1-6,text,true,,114,0,10,10,45,0,3
1510281974844,307,jp@gc - Dummy Sampler,200,OK,线程组 1-9,text,true,,114,0,10,10,36,0,2
1510281974784,374,jp@gc - Dummy Sampler,200,OK,线程组 1-4,text,true,,114,0,10,10,43,0,4
1510281975042,154,jp@gc - Dummy Sampler,200,OK,线程组 1-7,text,true,,114,0,10,10,1,0,4
1510281974791,405,jp@gc - Dummy Sampler,200,OK,线程组 1-10,text,true,,114,0,10,10,1,0,5
1510281975151,120,jp@gc - Dummy Sampler,200,OK,线程组 1-9,text,true,,114,0,10,10,17,0,2
1510281974910,389,jp@gc - Dummy Sampler,200,OK,线程组 1-3,text,true,,114,0,10,10,13,0,5
1510281975112,239,jp@gc - Dummy Sampler,200,OK,线程组 1-5,text,true,,114,0,10,10,21,0,5
1510281975093,258,jp@gc - Dummy Sampler,200,OK,线程组 1-8,text,true,,114,0,10,10,30,0,5
1510281975114,247,jp@gc - Dummy Sampler,200,OK,线程组 1-2,text,true,,114,0,10,10,28,0,1
1510281975147,251,jp@gc - Dummy Sampler,200,OK,线程组 1-6,text,true,,114,0,10,10,14,0,1
1510281975271,138,jp@gc - Dummy Sampler,200,OK,线程组 1-9,text,true,,114,0,10,10,17,0,2
1510281975158,252,jp@gc - Dummy Sampler,200,OK,线程组 1-4,text,true,,114,0,10,10,13,0,2
1510281975299,130,jp@gc - Dummy Sampler,200,OK,线程组 1-3,text,true,,114,0,10,10,6,0,5
1510281975196,234,jp@gc - Dummy Sampler,200,OK,线程组 1-10,text,true,,114,0,10,10,18,0,3
1510281975196,241,jp@gc - Dummy Sampler,200,OK,线程组 1-7,text,true,,114,0,10,10,23,0,2
1510281975351,109,jp@gc - Dummy Sampler,200,OK,线程组 1-8,text,true,,114,0,10,10,6,0,1
1510281975361,101,jp@gc - Dummy Sampler,200,OK,线程组 1-2,text,true,,114,0,10,10,8,0,3
1510281975095,380,jp@gc - Dummy Sampler,200,OK,线程组 1-1,text,true,,114,0,10,10,19,0,5
1510281975429,148,jp@gc - Dummy Sampler,200,OK,线程组 1-3,text,true,,114,0,10,10,3,0,1
1510281975475,249,jp@gc - Dummy Sampler,200,OK,线程组 1-1,text,true,,114,0,10,10,22,0,3
1510281975351,377,jp@gc - Dummy Sampler,200,OK,线程组 1-5,text,true,,114,0,10,10,37,0,2
1510281975398,364,jp@gc - Dummy Sampler,200,OK,线程组 1-6,text,true,,114,0,10,10,20,0,1
1510281975430,341,jp@gc - Dummy Sampler,200,OK,线程组 1-10,text,true,,114,0,10,10,31,0,2
1510281975410,379,jp@gc - Dummy Sampler,200,OK,线程组 1-4,text,true,,114,0,10,10,32,0,1
1510281975577,248,jp@gc - Dummy Sampler,200,OK,线程组 1-3,text,true,,114,0,10,10,4,0,4
1510281975409,449,jp@gc - Dummy Sampler,200,OK,线程组 1-9,text,true,,114,0,10,10,31,0,1
1510281975460,412,jp@gc - Dummy Sampler,200,OK,线程组 1-8,text,true,,114,0,10,10,10,0,5
1510281975728,153,jp@gc - Dummy Sampler,200,OK,线程组 1-5,text,true,,114,0,10,10,16,0,3
1510281975437,462,jp@gc - Dummy Sampler,200,OK,线程组 1-7,text,true,,114,0,10,10,8,0,2
1510281975462,442,jp@gc - Dummy Sampler,200,OK,线程组 1-2,text,true,,114,0,10,10,15,0,2
1510281975881,76,jp@gc - Dummy Sampler,200,OK,线程组 1-5,text,true,,114,0,10,10,15,0,2
1510281975899,76,jp@gc - Dummy Sampler,200,OK,线程组 1-7,text,true,,114,0,10,10,18,0,1
1510281975825,189,jp@gc - Dummy Sampler,200,OK,线程组 1-3,text,true,,114,0,10,10,37,0,5
1510281975724,305,jp@gc - Dummy Sampler,200,OK,线程组 1-1,text,true,,114,0,10,10,21,0,2
1510281975789,263,jp@gc - Dummy Sampler,200,OK,线程组 1-4,text,true,,114,0,10,10,48,0,4
1510281976014,71,jp@gc - Dummy Sampler,200,OK,线程组 1-3,text,true,,114,0,10,10,24,0,4
1510281976029,73,jp@gc - Dummy Sampler,200,OK,线程组 1-1,text,true,,114,0,10,10,50,0,4
1510281976052,101,jp@gc - Dummy Sampler,200,OK,线程组 1-4,text,true,,114,0,10,10,33,0,1
1510281975771,412,jp@gc - Dummy Sampler,200,OK,线程组 1-10,text,true,,114,0,10,10,20,0,5
1510281975872,362,jp@gc - Dummy Sampler,200,OK,线程组 1-8,text,true,,114,0,10,10,46,0,5
1510281976085,163,jp@gc - Dummy Sampler,200,OK,线程组 1-3,text,true,,114,0,10,10,40,0,2
1510281975762,499,jp@gc - Dummy Sampler,200,OK,线程组 1-6,text,true,,114,0,10,10,6,0,3
1510281976102,170,jp@gc - Dummy Sampler,200,OK,线程组 1-1,text,true,,114,0,10,10,4,0,3
1510281975858,436,jp@gc - Dummy Sampler,200,OK,线程组 1-9,text,true,,114,0,10,10,41,0,3
1510281975975,363,jp@gc - Dummy Sampler,200,OK,线程组 1-7,text,true,,114,0,10,10,3,0,1
1510281975904,439,jp@gc - Dummy Sampler,200,OK,线程组 1-2,text,true,,114,0,10,10,42,0,1
1510281976153,256,jp@gc - Dummy Sampler,200,OK,线程组 1-4,text,true,,114,0,10,10,50,0,5
1510281976294,124,jp@gc - Dummy Sampler,200,OK,线程组 1-9,text,true,,114,0,10,10,31,0,3
1510281975957,494,jp@gc - Dummy Sampler,200,OK,线程组 1-5,text,true,,114,0,10,10,40,0,2
1510281976234,266,jp@gc - Dummy Sampler,200,OK,线程组 1-8,text,true,,114,0,10,10,14,0,2
1510281976248,269,jp@gc - Dummy Sampler,200,OK,线程组 1-3,text,true,,114,0,10,10,2,0,3
1510281976451,75,jp@gc - Dummy Sampler,200,OK,线程组 1-5,text,true,,114,0,10,10,36,0,5
1510281976183,355,jp@gc - Dummy Sampler,200,OK,线程组 1-10,text,true,,114,0,10,10,33,0,2
1510281976338,215,jp@gc - Dummy Sampler,200,OK,线程组 1-7,text,true,,114,0,10,10,34,0,2
1510281976261,362,jp@gc - Dummy Sampler,200,OK,线程组 1-6,text,true,,114,0,10,10,41,0,4
1510281976272,370,jp@gc - Dummy Sampler,200,OK,线程组 1-1,text,true,,114,0,10,10,23,0,4
1510281976538,127,jp@gc - Dummy Sampler,200,OK,线程组 1-10,text,true,,114,0,10,10,11,0,5
1510281976500,186,jp@gc - Dummy Sampler,200,OK,线程组 1-8,text,true,,114,0,10,10,37,0,3
1510281976409,348,jp@gc - Dummy Sampler,200,OK,线程组 1-4,text,true,,114,0,10,10,4,0,2
1510281976343,432,jp@gc - Dummy Sampler,200,OK,线程组 1-2,text,true,,114,0,10,10,49,0,2
1510281976665,124,jp@gc - Dummy Sampler,200,OK,线程组 1-10,text,true,,114,0,10,10,32,0,3
1510281976553,237,jp@gc - Dummy Sampler,200,OK,线程组 1-7,text,true,,114,0,10,10,12,0,3
1510281976517,310,jp@gc - Dummy Sampler,200,OK,线程组 1-3,text,true,,114,0,10,10,11,0,4
1510281976686,182,jp@gc - Dummy Sampler,200,OK,线程组 1-8,text,true,,114,0,10,10,10,0,2
1510281976418,475,jp@gc - Dummy Sampler,200,OK,线程组 1-9,text,true,,114,0,10,10,33,0,2
1510281976757,142,jp@gc - Dummy Sampler,200,OK,线程组 1-4,text,true,,114,0,10,10,30,0,5
1510281976623,279,jp@gc - Dummy Sampler,200,OK,线程组 1-6,text,true,,114,0,10,10,8,0,5
1510281976642,273,jp@gc - Dummy Sampler,200,OK,线程组 1-1,text,true,,114,0,10,10,24,0,2
1510281976902,58,jp@gc - Dummy Sampler,200,OK,线程组 1-6,text,true,,114,0,10,10,44,0,2
1510281976775,215,jp@gc - Dummy Sampler,200,OK,线程组 1-2,text,true,,114,0,10,10,24,0,1
1510281976868,122,jp@gc - Dummy Sampler,200,OK,线程组 1-8,text,true,,114,0,10,10,18,0,1
1510281976526,500,jp@gc - Dummy Sampler,200,OK,线程组 1-5,text,true,,114,0,10,10,13,0,4
1510281976790,251,jp@gc - Dummy Sampler,200,OK,线程组 1-7,text,true,,114,0,10,10,49,0,1
1510281976893,151,jp@gc - Dummy Sampler,200,OK,线程组 1-9,text,true,,114,0,10,10,22,0,1
1510281976990,151,jp@gc - Dummy Sampler,200,OK,线程组 1-8,text,true,,114,0,10,10,13,0,2
1510281976827,395,jp@gc - Dummy Sampler,200,OK,线程组 1-3,text,true,,114,0,10,10,17,0,3
1510281976915,359,jp@gc - Dummy Sampler,200,OK,线程组 1-1,text,true,,114,0,10,10,35,0,1
1510281976789,500,jp@gc - Dummy Sampler,200,OK,线程组 1-10,text,true,,114,0,10,10,12,0,1
1510281976899,423,jp@gc - Dummy Sampler,200,OK,线程组 1-4,text,true,,114,0,10,10,25,0,5
1510281977222,101,jp@gc - Dummy Sampler,200,OK,线程组 1-3,text,true,,114,0,10,10,12,0,3
1510281977044,286,jp@gc - Dummy Sampler,200,OK,线程组 1-9,text,true,,114,0,10,10,8,0,5
1510281977274,62,jp@gc - Dummy Sampler,200,OK,线程组 1-1,text,true,,114,0,10,10,43,0,1
1510281976990,366,jp@gc - Dummy Sampler,200,OK,线程组 1-2,text,true,,114,0,10,10,7,0,2
1510281977289,71,jp@gc - Dummy Sampler,200,OK,线程组 1-10,text,true,,114,0,10,10,32,0,5
1510281977330,71,jp@gc - Dummy Sampler,200,OK,线程组 1-9,text,true,,114,0,10,10,4,0,1
1510281977026,378,jp@gc - Dummy Sampler,200,OK,线程组 1-5,text,true,,114,0,10,10,36,0,2
1510281977336,71,jp@gc - Dummy Sampler,200,OK,线程组 1-1,text,true,,114,0,10,10,25,0,5
1510281976960,484,jp@gc - Dummy Sampler,200,OK,线程组 1-6,text,true,,114,0,10,10,13,0,1
1510281977041,430,jp@gc - Dummy Sampler,200,OK,线程组 1-7,text,true,,114,0,10,10,37,0,3
1510281977322,181,jp@gc - Dummy Sampler,200,OK,线程组 1-4,text,true,,114,0,10,10,43,0,5
1510281977407,105,jp@gc - Dummy Sampler,200,OK,线程组 1-1,text,true,,114,0,10,10,37,0,3
1510281977360,160,jp@gc - Dummy Sampler,200,OK,线程组 1-10,text,true,,114,0,10,10,26,0,1
1510281977141,394,jp@gc - Dummy Sampler,200,OK,线程组 1-8,text,true,,114,0,10,10,40,0,2
1510281977471,64,jp@gc - Dummy Sampler,200,OK,线程组 1-7,text,true,,114,0,10,10,46,0,5
1510281977535,50,jp@gc - Dummy Sampler,200,OK,线程组 1-8,text,true,,114,0,10,10,17,0,2
1510281977323,298,jp@gc - Dummy Sampler,200,OK,线程组 1-3,text,true,,114,0,10,10,50,0,3
1510281977356,320,jp@gc - Dummy Sampler,200,OK,线程组 1-2,text,true,,114,0,10,10,5,0,3
1510281977503,174,jp@gc - Dummy Sampler,200,OK,线程组 1-4,text,true,,114,0,10,10,8,0,2
1510281977404,315,jp@gc - Dummy Sampler,200,OK,线程组 1-5,text,true,,114,0,10,10,17,0,3
1510281977676,51,jp@gc - Dummy Sampler,200,OK,线程组 1-2,text,true,,114,0,10,10,6,0,3
1510281977512,269,jp@gc - Dummy Sampler,200,OK,线程组 1-1,text,true,,114,0,10,10,37,0,3
1510281977621,181,jp@gc - Dummy Sampler,200,OK,线程组 1-3,text,true,,114,0,10,10,49,0,5
1510281977401,426,jp@gc - Dummy Sampler,200,OK,线程组 1-9,text,true,,114,0,10,10,15,0,2
1510281977444,385,jp@gc - Dummy Sampler,200,OK,线程组 1-6,text,true,,114,0,10,10,37,0,4
1510281977585,245,jp@gc - Dummy Sampler,200,OK,线程组 1-8,text,true,,114,0,10,10,19,0,2
1510281977520,332,jp@gc - Dummy Sampler,200,OK,线程组 1-10,text,true,,114,0,10,10,41,0,4
1510281977829,69,jp@gc - Dummy Sampler,200,OK,线程组 1-6,text,true,,114,0,10,10,33,0,5
1510281977802,146,jp@gc - Dummy Sampler,200,OK,线程组 1-3,text,true,,114,0,10,10,25,0,4
1510281977535,461,jp@gc - Dummy Sampler,200,OK,线程组 1-7,text,true,,114,0,10,10,27,0,5
1510281977677,386,jp@gc - Dummy Sampler,200,OK,线程组 1-4,text,true,,114,0,10,10,13,0,2
1510281977898,194,jp@gc - Dummy Sampler,200,OK,线程组 1-6,text,true,,114,0,10,10,30,0,1
1510281977719,409,jp@gc - Dummy Sampler,200,OK,线程组 1-5,text,true,,114,0,10,10,50,0,3
1510281977781,410,jp@gc - Dummy Sampler,200,OK,线程组 1-1,text,true,,114,0,10,10,47,0,5
1510281977727,468,jp@gc - Dummy Sampler,200,OK,线程组 1-2,text,true,,114,0,10,10,48,0,2
1510281977948,259,jp@gc - Dummy Sampler,200,OK,线程组 1-3,text,true,,114,0,10,10,14,0,3
1510281977827,451,jp@gc - Dummy Sampler,200,OK,线程组 1-9,text,true,,114,0,10,10,9,0,5
1510281978207,76,jp@gc - Dummy Sampler,200,OK,线程组 1-3,text,true,,114,0,10,10,29,0,3
1510281977852,432,jp@gc - Dummy Sampler,200,OK,线程组 1-10,text,true,,114,0,10,10,25,0,5
1510281977830,492,jp@gc - Dummy Sampler,200,OK,线程组 1-8,text,true,,114,0,10,10,50,0,5
1510281978191,146,jp@gc - Dummy Sampler,200,OK,线程组 1-1,text,true,,114,0,10,10,20,0,2
1510281978092,247,jp@gc - Dummy Sampler,200,OK,线程组 1-6,text,true,,114,0,10,10,2,0,5
1510281978278,61,jp@gc - Dummy Sampler,200,OK,线程组 1-9,text,true,,114,0,10,10,49,0,1
1510281978128,219,jp@gc - Dummy Sampler,200,OK,线程组 1-5,text,true,,114,0,10,10,46,0,5
1510281978284,89,jp@gc - Dummy Sampler,200,OK,线程组 1-10,text,true,,114,0,10,10,19,0,4
1510281978339,71,jp@gc - Dummy Sampler,200,OK,线程组 1-9,text,true,,114,0,10,10,31,0,4
1510281978347,117,jp@gc - Dummy Sampler,200,OK,线程组 1-5,text,true,,114,0,10,10,43,0,4
1510281977996,473,jp@gc - Dummy Sampler,200,OK,线程组 1-7,text,true,,114,0,10,10,45,0,2
1510281978063,433,jp@gc - Dummy Sampler,200,OK,线程组 1-4,text,true,,114,0,10,10,20,0,2
1510281978339,204,jp@gc - Dummy Sampler,200,OK,线程组 1-6,text,true,,114,0,10,10,18,0,5
1510281978464,86,jp@gc - Dummy Sampler,200,OK,线程组 1-5,text,true,,114,0,10,10,35,0,2
1510281978195,361,jp@gc - Dummy Sampler,200,OK,线程组 1-2,text,true,,114,0,10,10,28,0,4
1510281978496,73,jp@gc - Dummy Sampler,200,OK,线程组 1-4,text,true,,114,0,10,10,20,0,1
1510281978373,223,jp@gc - Dummy Sampler,200,OK,线程组 1-10,text,true,,114,0,10,10,21,0,2
1510281978322,290,jp@gc - Dummy Sampler,200,OK,线程组 1-8,text,true,,114,0,10,10,42,0,5
1510281978569,93,jp@gc - Dummy Sampler,200,OK,线程组 1-4,text,true,,114,0,10,10,21,0,3
1510281978556,157,jp@gc - Dummy Sampler,200,OK,线程组 1-2,text,true,,114,0,10,10,4,0,3
1510281978543,177,jp@gc - Dummy Sampler,200,OK,线程组 1-6,text,true,,114,0,10,10,27,0,4
1510281978283,465,jp@gc - Dummy Sampler,200,OK,线程组 1-3,text,true,,114,0,10,10,15,0,4
1510281978469,287,jp@gc - Dummy Sampler,200,OK,线程组 1-7,text,true,,114,0,10,10,8,0,4
1510281978337,433,jp@gc - Dummy Sampler,200,OK,线程组 1-1,text,true,,114,0,10,10,49,0,3
1510281978596,175,jp@gc - Dummy Sampler,200,OK,线程组 1-10,text,true,,114,0,10,10,39,0,4
1510281978713,60,jp@gc - Dummy Sampler,200,OK,线程组 1-2,text,true,,114,0,10,10,4,0,2
1510281978410,365,jp@gc - Dummy Sampler,200,OK,线程组 1-9,text,true,,114,0,10,10,4,0,2
1510281978612,336,jp@gc - Dummy Sampler,200,OK,线程组 1-8,text,true,,114,0,10,10,45,0,2
1510281978773,185,jp@gc - Dummy Sampler,200,OK,线程组 1-2,text,true,,114,0,10,10,6,0,2
1510281978550,475,jp@gc - Dummy Sampler,200,OK,线程组 1-5,text,true,,114,0,10,10,14,0,4
1510281978662,374,jp@gc - Dummy Sampler,200,OK,线程组 1-4,text,true,,114,0,10,10,36,0,1
1510281979036,77,jp@gc - Dummy Sampler,200,OK,线程组 1-4,text,true,,114,0,10,10,41,0,2
1510281978748,369,jp@gc - Dummy Sampler,200,OK,线程组 1-3,text,true,,114,0,10,10,31,0,5
1510281978948,184,jp@gc - Dummy Sampler,200,OK,线程组 1-8,text,true,,114,0,10,10,16,0,5
1510281978775,358,jp@gc - Dummy Sampler,200,OK,线程组 1-9,text,true,,114,0,10,10,27,0,4
1510281978770,369,jp@gc - Dummy Sampler,200,OK,线程组 1-1,text,true,,114,0,10,10,16,0,5
1510281978771,424,jp@gc - Dummy Sampler,200,OK,线程组 1-10,text,true,,114,0,10,10,1,0,3
1510281978720,479,jp@gc - Dummy Sampler,200,OK,线程组 1-6,text,true,,114,0,10,10,42,0,5
1510281978958,252,jp@gc - Dummy Sampler,200,OK,线程组 1-2,text,true,,114,0,10,10,49,0,5
1510281978756,461,jp@gc - Dummy Sampler,200,OK,线程组 1-7,text,true,,114,0,10,10,19,0,4
1510281979132,115,jp@gc - Dummy Sampler,200,OK,线程组 1-8,text,true,,114,0,10,10,46,0,4
1510281979195,116,jp@gc - Dummy Sampler,200,OK,线程组 1-10,text,true,,114,0,10,10,42,0,4
1510281979139,180,jp@gc - Dummy Sampler,200,OK,线程组 1-1,text,true,,114,0,10,10,16,0,5
1510281979025,308,jp@gc - Dummy Sampler,200,OK,线程组 1-5,text,true,,114,0,10,10,15,0,1
1510281979210,159,jp@gc - Dummy Sampler,200,OK,线程组 1-2,text,true,,114,0,10,10,20,0,1
1510281979113,263,jp@gc - Dummy Sampler,200,OK,线程组 1-4,text,true,,114,0,10,10,15,0,5
1510281979117,260,jp@gc - Dummy Sampler,200,OK,线程组 1-3,text,true,,114,0,10,10,45,0,2
1510281979376,51,jp@gc - Dummy Sampler,200,OK,线程组 1-4,text,true,,114,0,10,10,31,0,4
1510281979247,182,jp@gc - Dummy Sampler,200,OK,线程组 1-8,text,true,,114,0,10,10,42,0,2
1510281979377,126,jp@gc - Dummy Sampler,200,OK,线程组 1-3,text,true,,114,0,10,10,39,0,1
1510281979333,196,jp@gc - Dummy Sampler,200,OK,线程组 1-5,text,true,,114,0,10,10,25,0,3
1510281979217,325,jp@gc - Dummy Sampler,200,OK,线程组 1-7,text,true,,114,0,10,10,43,0,3
1510281979369,176,jp@gc - Dummy Sampler,200,OK,线程组 1-2,text,true,,114,0,10,10,5,0,1
1510281979319,260,jp@gc - Dummy Sampler,200,OK,线程组 1-1,text,true,,114,0,10,10,32,0,1
1510281979427,165,jp@gc - Dummy Sampler,200,OK,线程组 1-4,text,true,,114,0,10,10,49,0,1
1510281979133,484,jp@gc - Dummy Sampler,200,OK,线程组 1-9,text,true,,114,0,10,10,41,0,3
1510281979542,76,jp@gc - Dummy Sampler,200,OK,线程组 1-7,text,true,,114,0,10,10,44,0,2
1510281979311,336,jp@gc - Dummy Sampler,200,OK,线程组 1-10,text,true,,114,0,10,10,7,0,2
1510281979199,453,jp@gc - Dummy Sampler,200,OK,线程组 1-6,text,true,,114,0,10,10,34,0,1
1510281979617,55,jp@gc - Dummy Sampler,200,OK,线程组 1-9,text,true,,114,0,10,10,1,0,3
1510281979529,190,jp@gc - Dummy Sampler,200,OK,线程组 1-5,text,true,,114,0,10,10,21,0,1
1510281979672,53,jp@gc - Dummy Sampler,200,OK,线程组 1-9,text,true,,114,0,10,10,36,0,2
1510281979503,244,jp@gc - Dummy Sampler,200,OK,线程组 1-3,text,true,,114,0,10,10,3,0,3
1510281979545,279,jp@gc - Dummy Sampler,200,OK,线程组 1-2,text,true,,114,0,10,10,27,0,2
1510281979429,425,jp@gc - Dummy Sampler,200,OK,线程组 1-8,text,true,,114,0,10,10,47,0,4
1510281979647,239,jp@gc - Dummy Sampler,200,OK,线程组 1-10,text,true,,114,0,10,10,28,0,4
1510281979725,177,jp@gc - Dummy Sampler,200,OK,线程组 1-9,text,true,,114,0,10,10,23,0,1
1510281979824,94,jp@gc - Dummy Sampler,200,OK,线程组 1-2,text,true,,114,0,10,10,25,0,4
1510281979579,392,jp@gc - Dummy Sampler,200,OK,线程组 1-1,text,true,,114,0,10,10,38,0,4
1510281979854,118,jp@gc - Dummy Sampler,200,OK,线程组 1-8,text,true,,114,0,10,10,10,0,2
1510281979747,253,jp@gc - Dummy Sampler,200,OK,线程组 1-3,text,true,,114,0,10,10,11,0,1
1510281979652,372,jp@gc - Dummy Sampler,200,OK,线程组 1-6,text,true,,114,0,10,10,17,0,3
1510281979902,128,jp@gc - Dummy Sampler,200,OK,线程组 1-9,text,true,,114,0,10,10,42,0,1
1510281979918,148,jp@gc - Dummy Sampler,200,OK,线程组 1-2,text,true,,114,0,10,10,44,0,2
1510281980000,73,jp@gc - Dummy Sampler,200,OK,线程组 1-3,text,true,,114,0,10,10,35,0,3
1510281979592,498,jp@gc - Dummy Sampler,200,OK,线程组 1-4,text,true,,114,0,10,10,43,0,5
1510281979618,499,jp@gc - Dummy Sampler,200,OK,线程组 1-7,text,true,,114,0,10,10,26,0,1
1510281980030,163,jp@gc - Dummy Sampler,200,OK,线程组 1-9,text,true,,114,0,10,10,47,0,5
1510281980073,135,jp@gc - Dummy Sampler,200,OK,线程组 1-3,text,true,,114,0,10,10,33,0,5
1510281979719,490,jp@gc - Dummy Sampler,200,OK,线程组 1-5,text,true,,114,0,10,10,35,0,2
1510281979971,244,jp@gc - Dummy Sampler,200,OK,线程组 1-1,text,true,,114,0,10,10,5,0,5
1510281979886,398,jp@gc - Dummy Sampler,200,OK,线程组 1-10,text,true,,114,0,10,10,33,0,4
1510281980066,233,jp@gc - Dummy Sampler,200,OK,线程组 1-2,text,true,,114,0,10,10,15,0,1
1510281980090,243,jp@gc - Dummy Sampler,200,OK,线程组 1-4,text,true,,114,0,10,10,14,0,5
1510281980215,147,jp@gc - Dummy Sampler,200,OK,线程组 1-1,text,true,,114,0,10,10,24,0,5
1510281980024,340,jp@gc - Dummy Sampler,200,OK,线程组 1-6,text,true,,114,0,10,10,27,0,2
1510281980208,163,jp@gc - Dummy Sampler,200,OK,线程组 1-3,text,true,,114,0,10,10,29,0,3
1510281980284,98,jp@gc - Dummy Sampler,200,OK,线程组 1-10,text,true,,114,0,10,10,15,0,2
1510281980117,289,jp@gc - Dummy Sampler,200,OK,线程组 1-7,text,true,,114,0,10,10,30,0,2
1510281979972,445,jp@gc - Dummy Sampler,200,OK,线程组 1-8,text,true,,114,0,10,10,25,0,3
1510281980209,248,jp@gc - Dummy Sampler,200,OK,线程组 1-5,text,true,,114,0,10,10,13,0,1
1510281980417,52,jp@gc - Dummy Sampler,200,OK,线程组 1-8,text,true,,114,0,10,10,20,0,4
1510281980362,113,jp@gc - Dummy Sampler,200,OK,线程组 1-1,text,true,,114,0,10,10,47,0,3
1510281980371,190,jp@gc - Dummy Sampler,200,OK,线程组 1-3,text,true,,114,0,10,10,32,0,4
1510281980364,233,jp@gc - Dummy Sampler,200,OK,线程组 1-6,text,true,,114,0,10,10,49,0,1
1510281980382,236,jp@gc - Dummy Sampler,200,OK,线程组 1-10,text,true,,114,0,10,10,38,0,4
1510281980193,457,jp@gc - Dummy Sampler,200,OK,线程组 1-9,text,true,,114,0,10,10,46,0,3
1510281980406,260,jp@gc - Dummy Sampler,200,OK,线程组 1-7,text,true,,114,0,10,10,35,0,4
1510281980333,381,jp@gc - Dummy Sampler,200,OK,线程组 1-4,text,true,,114,0,10,10,4,0,2
1510281980299,418,jp@gc - Dummy Sampler,200,OK,线程组 1-2,text,true,,114,0,10,10,29,0,2
1510281980475,258,jp@gc - Dummy Sampler,200,OK,线程组 1-1,text,true,,114,0,10,10,8,0,4
1510281980457,281,jp@gc - Dummy Sampler,200,OK,线程组 1-5,text,true,,114,0,10,10,46,0,5
1510281980469,281,jp@gc - Dummy Sampler,200,OK,线程组 1-8,text,true,,114,0,10,10,7,0,4
1510281980714,61,jp@gc - Dummy Sampler,200,OK,线程组 1-4,text,true,,114,0,10,10,31,0,5
1510281980561,274,jp@gc - Dummy Sampler,200,OK,线程组 1-3,text,true,,114,0,10,10,50,0,2
1510281980597,294,jp@gc - Dummy Sampler,200,OK,线程组 1-6,text,true,,114,0,10,10,21,0,2
1510281980835,63,jp@gc - Dummy Sampler,200,OK,线程组 1-3,text,true,,114,0,10,10,47,0,1
1510281980618,327,jp@gc - Dummy Sampler,200,OK,线程组 1-10,text,true,,114,0,10,10,34,0,5
1510281980750,241,jp@gc - Dummy Sampler,200,OK,线程组 1-8,text,true,,114,0,10,10,30,0,1
1510281980945,90,jp@gc - Dummy Sampler,200,OK,线程组 1-10,text,true,,114,0,10,10,38,0,2
1510281980898,138,jp@gc - Dummy Sampler,200,OK,线程组 1-3,text,true,,114,0,10,10,29,0,5
1510281980666,374,jp@gc - Dummy Sampler,200,OK,线程组 1-7,text,true,,114,0,10,10,29,0,3
1510281980717,345,jp@gc - Dummy Sampler,200,OK,线程组 1-2,text,true,,114,0,10,10,1,0,4
1510281980733,342,jp@gc - Dummy Sampler,200,OK,线程组 1-1,text,true,,114,0,10,10,39,0,2
1510281980650,448,jp@gc - Dummy Sampler,200,OK,线程组 1-9,text,true,,114,0,10,10,9,0,2
1510281980738,403,jp@gc - Dummy Sampler,200,OK,线程组 1-5,text,true,,114,0,10,10,48,0,1
1510281980775,403,jp@gc - Dummy Sampler,200,OK,线程组 1-4,text,true,,114,0,10,10,34,0,3
1510281981035,161,jp@gc - Dummy Sampler,200,OK,线程组 1-10,text,true,,114,0,10,10,12,0,3
1510281981141,91,jp@gc - Dummy Sampler,200,OK,线程组 1-5,text,true,,114,0,10,10,4,0,2
1510281981075,185,jp@gc - Dummy Sampler,200,OK,线程组 1-1,text,true,,114,0,10,10,4,0,5
1510281981036,289,jp@gc - Dummy Sampler,200,OK,线程组 1-3,text,true,,114,0,10,10,6,0,5
1510281981040,323,jp@gc - Dummy Sampler,200,OK,线程组 1-7,text,true,,114,0,10,10,3,0,4
1510281981178,186,jp@gc - Dummy Sampler,200,OK,线程组 1-4,text,true,,114,0,10,10,30,0,3
1510281981098,266,jp@gc - Dummy Sampler,200,OK,线程组 1-9,text,true,,114,0,10,10,14,0,3
1510281980891,497,jp@gc - Dummy Sampler,200,OK,线程组 1-6,text,true,,114,0,10,10,10,0,4
1510281981062,343,jp@gc - Dummy Sampler,200,OK,线程组 1-2,text,true,,114,0,10,10,45,0,5
1510281980991,445,jp@gc - Dummy Sampler,200,OK,线程组 1-8,text,true,,114,0,10,10,42,0,4
1510281981364,95,jp@gc - Dummy Sampler,200,OK,线程组 1-4,text,true,,114,0,10,10,7,0,5
1510281981388,137,jp@gc - Dummy Sampler,200,OK,线程组 1-6,text,true,,114,0,10,10,46,0,4
1510281981364,192,jp@gc - Dummy Sampler,200,OK,线程组 1-9,text,true,,114,0,10,10,29,0,3
1510281981232,329,jp@gc - Dummy Sampler,200,OK,线程组 1-5,text,true,,114,0,10,10,37,0,1
1510281981196,431,jp@gc - Dummy Sampler,200,OK,线程组 1-10,text,true,,114,0,10,10,10,0,5
1510281981363,354,jp@gc - Dummy Sampler,200,OK,线程组 1-7,text,true,,114,0,10,10,39,0,4
1510281981436,282,jp@gc - Dummy Sampler,200,OK,线程组 1-8,text,true,,114,0,10,10,19,0,2
1510281981561,162,jp@gc - Dummy Sampler,200,OK,线程组 1-5,text,true,,114,0,10,10,20,0,3
1510281981260,470,jp@gc - Dummy Sampler,200,OK,线程组 1-1,text,true,,114,0,9,9,36,0,5
1510281981325,459,jp@gc - Dummy Sampler,200,OK,线程组 1-3,text,true,,114,0,8,8,35,0,5
1510281981405,438,jp@gc - Dummy Sampler,200,OK,线程组 1-2,text,true,,114,0,7,7,11,0,4
1510281981556,287,jp@gc - Dummy Sampler,200,OK,线程组 1-9,text,true,,114,0,7,7,49,0,4
1510281981843,74,jp@gc - Dummy Sampler,200,OK,线程组 1-9,text,true,,114,0,6,6,33,0,4
1510281981459,482,jp@gc - Dummy Sampler,200,OK,线程组 1-4,text,true,,114,0,6,6,10,0,5
1510281981525,448,jp@gc - Dummy Sampler,200,OK,线程组 1-6,text,true,,114,0,5,5,45,0,3
1510281981627,424,jp@gc - Dummy Sampler,200,OK,线程组 1-10,text,true,,114,0,4,4,10,0,1
1510281981718,395,jp@gc - Dummy Sampler,200,OK,线程组 1-8,text,true,,114,0,4,4,37,0,5
1510281981717,450,jp@gc - Dummy Sampler,200,OK,线程组 1-7,text,true,,114,0,3,3,44,0,1
1510281982051,203,jp@gc - Dummy Sampler,200,OK,线程组 1-10,text,true,,114,0,2,2,4,0,2
1510281981917,486,jp@gc - Dummy Sampler,200,OK,线程组 1-9,text,true,,114,0,1,1,50,0,4
